BEGIN;
SET client_encoding TO 'UTF8';


-- Crear schema (si no existe)
CREATE SCHEMA IF NOT EXISTS personal;
SET search_path TO personal, public;
--
-- Servidor: localhost
-- Tiempo de generación: 08-08-2017 a las 16:46:54
-- Versión del servidor: 5.5.16
-- Versión de PHP: 5.3.8




--
-- Base de datos: personal
--

-- --------------------------------------------------------

--
-- Estructura de tabla para la tabla area
--

CREATE TABLE IF NOT EXISTS area (

  ID_A integer GENERATED BY DEFAULT AS IDENTITY,
  NOMBRE char(40) NOT NULL,
  DESCRIPCION char(40) NOT NULL,
  PRIMARY KEY (ID_A)
);

--
-- Volcado de datos para la tabla area
--

INSERT INTO area (ID_A, NOMBRE, DESCRIPCION) VALUES
(1, 'OPERACIONES', 'OPERADORES DE CALL CENTER'),
(2, 'SISTEMAS', 'PERSONAL DE TECNOLOGÍA'),
(3, 'ADMINISTRATIVA', 'ÁREA ADMINISTRATIVA'),
(4, 'OTROS', 'OTRAS ÁREAS');

-- --------------------------------------------------------

--
-- Estructura de tabla para la tabla break
--

CREATE TABLE IF NOT EXISTS break (

  ID_B integer GENERATED BY DEFAULT AS IDENTITY,
  ID_T integer,
  HORA_INICIO_B time NOT NULL,
  TIEMPO_RECESO_B time NOT NULL,
  TOTAL_B time NOT NULL,
  NOMBRE_B char(40) NOT NULL,
  DESCRIPCION_B char(40) NOT NULL,
  TIPO_B char(40) NOT NULL,
  PRIMARY KEY (ID_B)
);

--
-- Volcado de datos para la tabla break
--

INSERT INTO break (ID_B, ID_T, HORA_INICIO_B, TIEMPO_RECESO_B, TOTAL_B, NOMBRE_B, DESCRIPCION_B, TIPO_B) VALUES
(1, 1, '10:30:00', '00:15:00', '00:15:00', 'BREAK 1', 'BREAK 1', 'BREAK'),
(2, 1, '11:00:00', '00:15:00', '00:15:00', 'BREAK 2', 'BREAK 2.1', 'BREAK'),
(3, 2, '09:30:00', '00:15:00', '00:15:00', 'BREAK 3', 'BREAK 3', 'BREAK'),
(4, 3, '12:30:00', '00:45:00', '00:45:00', 'ALMUERZO', 'ALMUERZO', 'ALMUERZO'),
(5, 3, '09:30:00', '00:15:00', '00:15:00', 'BREAK 3', 'BREAK 3', 'BREAK'),
(6, 4, '12:00:00', '00:45:00', '00:45:00', 'ALMUERZO', 'ALMUERZO', 'ALMUERZO'),
(7, 4, '10:00:00', '00:15:00', '00:15:00', 'BREAK', 'BREAK', 'BREAK'),
(8, 1, '14:00:00', '00:45:00', '00:45:00', 'ALMUERZO', 'ALMUERZO', 'ALMUERZO'),
(9, 5, '16:30:00', '00:15:00', '00:15:00', 'BREAK TARDE', 'BREAK TARDE', 'BREAK'),
(10, 5, '16:30:00', '00:15:00', '00:15:00', 'ALMUERZO TARDE', 'ALMUERZO TARDE', 'ALMUERZO'),
(11, 3, '12:00:00', '00:20:00', '00:20:00', 'BREAK', 'BREAK 20 MIN', 'BREAK'),
(12, 6, '15:00:00', '00:15:00', '00:15:00', 'BREAK TARDE', 'BREAK TARDE', 'BREAK'),
(13, 6, '12:30:00', '00:45:00', '00:45:00', 'ALMUERZO DINERS', 'ALMUERZO DINERS APOTO', 'ALMUERZO'),
(14, 4, '14:00:00', '01:00:00', '01:00:00', 'ALMUERZO', 'ALMUERZO', 'ALMUERZO'),
(15, 7, '08:00:00', '00:20:00', '00:20:00', 'NO BREAK', 'NO BREAK', 'BREAK'),
(16, 7, '13:30:00', '00:00:00', '00:00:00', 'NO ALMUERZO', 'NO ALMUERZO', 'ALMUERZO'),
(17, 8, '08:30:00', '00:00:00', '00:00:00', 'SIN ALMUERZO', 'SIN ALMUERZO', 'ALMUERZO'),
(18, 8, '07:00:00', '00:00:00', '00:00:00', 'SIN BREAK', 'SIN BREAK', 'BREAK');

-- --------------------------------------------------------

--
-- Estructura de tabla para la tabla empleado
--

CREATE TABLE IF NOT EXISTS empleado (

  CI char(40) NOT NULL,
  ID_A integer ,
  ID_T integer ,
  ID_B integer ,
  ID_BA integer ,
  NOMBRES char(40) NOT NULL,
  APELLIDOS char(40) NOT NULL,
  DIRECCION char(254) NOT NULL,
  TELEFONOS char(254) NOT NULL,
  CORREO char(40) NOT NULL,
  FECHA_NACIMIENTO date NOT NULL,
  FECHA_INGRESO date NOT NULL,
  FECHA_CONTRATO date NOT NULL,
  SALARIO numeric(10,2) NOT NULL,
  clave varchar(254) ,
  PRIMARY KEY (CI)
);

--
-- Volcado de datos para la tabla empleado
--

INSERT INTO empleado (CI, ID_A, ID_T, ID_B, ID_BA, NOMBRES, APELLIDOS, DIRECCION, TELEFONOS, CORREO, FECHA_NACIMIENTO, FECHA_INGRESO, FECHA_CONTRATO, SALARIO, clave) VALUES
('1003484936', 1, 1, 1, 8, 'ANDRES PATRICIO', 'TRUJILLO RIVADENEIRA', 'QUITUMBE', '0000000000', 'calidad@blueccenter.com', '1995-04-03', '2013-04-08', '2013-04-11', '364.00', NULL),
('1713039418', 3, 8, 18, 17, 'GALO PATRICIO', 'SUAREZ FLORES', 'EL CALZADO', '0998071182', 'PSUAREZ@BLUECCENTER.COM', '1974-07-27', '2016-03-01', '2016-04-01', '500.00', '5f0c8d968776ae2ca93407f2c236d5b233cfd5e1'),
('1717347114', 1, 5, 9, 10, 'HECTOR DANIEL', 'VASCONEZ VACA', 'POMASQUI', '0995350598', 'DANIEL19.03.73@GMAIL.COM', '1995-03-19', '2017-02-09', '2017-02-09', '280.00', NULL),
('1721009692', 2, 7, 15, 16, 'DAVID ESTEBAN', 'GALARZA GARCIA', 'SOLANDA', '0969056532', 'dgalarza2056@gmail.com', '1990-11-23', '2017-01-03', '2017-01-25', '700.00', '5f0c8d968776ae2ca93407f2c236d5b233cfd5e1'),
('1721334652', 1, 1, 1, 8, 'EDSON ROMARIO', 'HEREDIA SILVA', 'CHIMBACALLE', '0984524304', 'COORDINACION2@BLUECCENTER.COM', '1994-04-12', '2013-03-01', '2013-03-01', '374.00', NULL),
('1722725759', 1, 6, 12, 13, 'TANIA LEONOR', 'SARITAMA POGO', 'SUR', '0987593709 - 3120703', 'T@S.C', '1988-02-03', '2017-04-19', '2017-04-19', '270.00', NULL),
('1723434666', 1, 4, 7, 6, 'JOHANA JACKELINE', 'ORTIZ VERA', 'CARCELEN', '0983002875', 'VALEALEJA2008@GMAIL.COM', '1998-06-11', '2017-03-01', '2017-03-01', '374.00', NULL),
('1725753626', 1, 3, 11, 4, 'ERIKA MABEL', 'AGUILAR FONTE', 'CARCELEN', '0984058042', 'ERI_MA2312@HOTMAIL.COM', '1998-12-23', '2017-03-01', '2017-03-01', '275.00', NULL),
('1726523861', 3, 4, 7, 14, 'CAROLINA ESTEFANIA', 'SIGUENZA BASTIDAS', 'LULUNCOTO', '0987373839', 'IMAGEN@BLUECCENTER.COM', '1991-10-24', '2016-10-10', '2016-11-01', '400.00', NULL),
('1726643370', 1, 3, 5, 4, 'GERMAN EMILIO', 'CASTILLO MERIZALDE', 'EL INCA', '0981190645', 'PINGUINOCELESTE98@YAHOO.ES', '1998-11-09', '2017-03-01', '2017-03-01', '275.00', NULL),
('1757015191', 1, 4, 7, 6, 'YANET', 'MARTINEZ MEDINA', 'EL EJIDO', '0995254079', 'YANET.MM11@GMAIL.COM', '1986-05-01', '2016-03-08', '2016-03-08', '364.00', NULL);

-- --------------------------------------------------------

--
-- Estructura de tabla para la tabla firma
--

CREATE TABLE IF NOT EXISTS firma (

  ID_F integer GENERATED BY DEFAULT AS IDENTITY,
  FECHA_FIRMA date ,
  H_I_JORNADA time ,
  A_I_JORNADA time ,
  H_I_BREAK time ,
  H_F_BREAK time ,
  A_F_BREAK time ,
  H_I_ALMUERZO time ,
  H_F_ALMUERZO time ,
  A_F_ALMUERZO time ,
  H_F_JORNADA time ,
  CI varchar(40) NOT NULL,
  ID_T integer NOT NULL,
  ID_B integer NOT NULL,
  ID_BA integer NOT NULL,
  observacion varchar(254) ,
  PRIMARY KEY (ID_F)
);

--
-- Volcado de datos para la tabla firma
--

INSERT INTO firma (ID_F, FECHA_FIRMA, H_I_JORNADA, A_I_JORNADA, H_I_BREAK, H_F_BREAK, A_F_BREAK, H_I_ALMUERZO, H_F_ALMUERZO, A_F_ALMUERZO, H_F_JORNADA, CI, ID_T, ID_B, ID_BA, observacion) VALUES
(24, '2017-04-03', '08:47:03', '00:17:00', '14:30:20', '14:30:24', '00:00:00', '14:30:36', '14:46:17', '00:00:00', '17:36:42', '1003484936', 1, 1, 8, NULL),
(25, '2017-04-03', '08:51:25', '00:00:00', '11:39:11', '11:45:20', '00:00:00', '13:18:24', '13:47:53', '00:00:00', '18:05:02', '1757015191', 4, 7, 6, NULL),
(26, '2017-04-03', '09:25:33', '00:25:00', '18:19:27', '18:19:37', '00:00:00', '18:19:41', '18:19:45', '00:00:00', '18:19:48', '1726523861', 4, 7, 6, NULL),
(27, '2017-04-03', '09:27:22', '00:57:00', '00:00:00', '00:00:00', '00:00:00', '00:00:00', '00:00:00', '00:00:00', '17:30:00', '1721334652', 1, 1, 8, 'NO FIRMASTE DESDE EL INICIO DE TU BREAK EN ADELANTE. SE PROCEDE A AUTO COMPLETAR LAS HORAS'),
(28, '2017-04-03', '09:36:49', '00:36:00', '10:44:57', '11:00:27', '00:00:00', '14:00:06', '14:46:48', '00:01:00', '16:18:25', '1723434666', 4, 7, 6, NULL),
(29, '2017-04-03', '09:57:29', '00:00:00', '12:00:08', '12:14:02', '00:00:00', '15:15:25', '15:15:31', '00:00:00', '15:15:38', '1725753626', 3, 5, 4, NULL),
(30, '2017-04-03', '10:27:23', '00:27:00', '13:22:01', '13:22:06', '00:00:00', '13:22:13', '13:55:50', '00:00:00', '17:19:52', '1726643370', 3, 5, 4, NULL),
(31, '2017-04-03', '14:59:22', '00:29:00', '18:04:28', '18:04:41', '00:00:00', '18:04:52', '18:04:55', '00:00:00', '18:05:17', '1717347114', 5, 9, 10, NULL),
(32, '2017-04-04', '08:30:23', '00:00:00', '14:01:36', '14:01:40', '00:00:00', '14:01:46', '14:45:36', '00:00:00', '18:12:00', '1003484936', 1, 1, 8, NULL),
(33, '2017-04-04', '08:35:06', '00:05:00', '10:30:38', '10:43:29', '00:00:00', '12:30:03', '13:15:17', '00:00:00', '17:45:07', '1721334652', 1, 1, 8, NULL),
(34, '2017-04-04', '08:56:06', '00:00:00', '13:16:32', '13:16:42', '00:00:00', '13:16:53', '13:50:36', '00:00:00', '18:04:29', '1757015191', 4, 7, 6, NULL),
(35, '2017-04-04', '09:07:19', '00:07:00', '00:00:00', '00:00:00', '00:00:00', '00:00:00', '00:00:00', '00:00:00', '18:00:00', '1726523861', 4, 7, 6, 'NO FIRMASTE DESDE EL INICIO DE TU BREAK EN ADELANTE. SE PROCEDE A AUTO COMPLETAR LAS HORAS'),
(36, '2017-04-04', '09:29:37', '00:29:00', '10:44:44', '11:01:03', '00:01:00', '14:01:38', '14:47:15', '00:00:00', '16:10:43', '1723434666', 4, 7, 6, NULL),
(37, '2017-04-04', '09:39:04', '00:00:00', '12:10:40', '12:24:59', '00:00:00', '15:31:37', '15:31:45', '00:00:00', '15:31:54', '1725753626', 3, 5, 4, NULL),
(38, '2017-04-04', '09:57:03', '00:00:00', '13:40:28', '13:40:33', '00:00:00', '13:40:51', '13:59:09', '00:00:00', '17:11:04', '1726643370', 3, 5, 4, NULL),
(39, '2017-04-04', '14:44:18', '00:14:00', '18:10:10', '18:10:15', '00:00:00', '18:10:18', '18:10:22', '00:00:00', '18:10:25', '1717347114', 5, 9, 10, NULL),
(40, '2017-04-05', '08:40:30', '00:10:00', '14:36:27', '14:36:31', '00:00:00', '14:36:35', '15:00:32', '00:00:00', '18:12:33', '1003484936', 1, 1, 8, NULL),
(41, '2017-04-05', '08:40:39', '00:10:00', '12:31:44', '12:31:44', '00:00:00', '12:31:44', '13:14:52', '00:00:00', '17:35:27', '1721334652', 1, 1, 8, NULL),
(42, '2017-04-05', '08:49:26', '00:00:00', '13:17:23', '13:17:29', '00:00:00', '13:17:34', '14:18:41', '00:16:00', '18:11:05', '1757015191', 4, 7, 6, NULL),
(43, '2017-04-05', '08:57:28', '00:00:00', '00:00:00', '00:00:00', '00:00:00', '00:00:00', '00:00:00', '00:00:00', '18:00:00', '1726523861', 4, 7, 6, 'NO FIRMASTE DESDE EL INICIO DE TU BREAK EN ADELANTE. SE PROCEDE A AUTO COMPLETAR LAS HORAS'),
(44, '2017-04-05', '09:37:23', '00:37:00', '14:02:21', '14:51:30', '00:34:00', '14:51:41', '14:51:46', '00:00:00', '16:40:36', '1723434666', 4, 7, 6, NULL),
(45, '2017-04-05', '09:55:04', '00:00:00', '12:07:05', '12:24:21', '00:02:00', '15:09:43', '15:09:47', '00:00:00', '15:10:22', '1725753626', 3, 5, 4, NULL),
(46, '2017-04-05', '10:01:56', '00:01:00', '13:16:56', '13:16:58', '00:00:00', '13:17:02', '13:55:07', '00:00:00', '17:44:43', '1726643370', 3, 5, 4, NULL),
(47, '2017-04-05', '14:43:17', '00:13:00', '17:41:14', '17:41:18', '00:00:00', '17:40:58', '17:41:02', '00:00:00', '18:11:54', '1717347114', 5, 9, 10, NULL),
(48, '2017-04-06', '08:33:24', '00:03:00', '00:00:00', '00:00:00', '00:00:00', '00:00:00', '00:00:00', '00:00:00', '17:30:00', '1003484936', 1, 1, 8, 'NO FIRMASTE DESDE EL INICIO DE TU BREAK EN ADELANTE. SE PROCEDE A AUTO COMPLETAR LAS HORAS'),
(49, '2017-04-06', '08:33:41', '00:03:00', '10:44:32', '10:57:55', '00:00:00', '12:30:17', '13:15:27', '00:00:00', '17:30:00', '1721334652', 1, 1, 8, 'NO FIRMASTE LA SALIDA DE TU JORNADA. SE PROCEDE A AUTO COMPLETAR LA SALIDA'),
(50, '2017-04-06', '08:53:51', '00:00:00', '13:26:45', '13:26:52', '00:00:00', '13:27:47', '13:59:15', '00:00:00', '18:10:54', '1757015191', 4, 7, 6, NULL),
(51, '2017-04-06', '09:00:47', '00:00:00', '00:00:00', '00:00:00', '00:00:00', '00:00:00', '00:00:00', '00:00:00', '18:00:00', '1726523861', 4, 7, 6, 'NO FIRMASTE DESDE EL INICIO DE TU BREAK EN ADELANTE. SE PROCEDE A AUTO COMPLETAR LAS HORAS'),
(52, '2017-04-06', '09:37:01', '00:00:00', '12:01:19', '12:18:55', '00:00:00', '17:07:44', '17:07:48', '00:00:00', '17:07:51', '1725753626', 3, 11, 4, NULL),
(53, '2017-04-06', '10:00:50', '00:00:00', '17:46:50', '17:46:53', '00:00:00', '17:46:57', '17:47:00', '00:00:00', '17:47:03', '1726643370', 3, 5, 4, NULL),
(54, '2017-04-06', '10:16:46', '01:16:00', '14:43:06', '14:43:11', '00:00:00', '14:43:38', '15:19:48', '00:00:00', '17:09:58', '1723434666', 4, 7, 6, NULL),
(55, '2017-04-06', '15:00:20', '00:30:00', '15:05:39', '15:05:46', '00:00:00', '18:04:59', '18:05:03', '00:00:00', '18:05:06', '1717347114', 5, 9, 10, NULL),
(56, '2017-04-07', '08:39:05', '00:09:00', '17:31:20', '17:31:25', '00:00:00', '17:31:28', '17:31:32', '00:00:00', '17:31:39', '1003484936', 1, 1, 8, NULL),
(57, '2017-04-07', '08:39:15', '00:09:00', '12:49:38', '12:49:40', '00:00:00', '12:49:45', '14:14:44', '00:39:00', '17:00:02', '1721334652', 1, 1, 8, NULL),
(58, '2017-04-07', '08:53:10', '00:00:00', '11:39:58', '11:47:24', '00:00:00', '13:15:55', '13:43:16', '00:00:00', '18:04:44', '1757015191', 4, 7, 6, NULL),
(59, '2017-04-07', '09:04:31', '00:04:00', '14:03:01', '14:03:06', '00:00:00', '14:03:12', '14:35:29', '00:00:00', '16:07:48', '1723434666', 4, 7, 6, NULL),
(60, '2017-04-07', '09:10:48', '00:10:00', '00:00:00', '00:00:00', '00:00:00', '00:00:00', '00:00:00', '00:00:00', '18:00:00', '1726523861', 4, 7, 6, 'NO FIRMASTE DESDE EL INICIO DE TU BREAK EN ADELANTE. SE PROCEDE A AUTO COMPLETAR LAS HORAS'),
(61, '2017-04-07', '09:55:12', '00:00:00', '12:00:12', '12:17:22', '00:00:00', '15:03:22', '15:03:25', '00:00:00', '15:03:28', '1725753626', 3, 11, 4, NULL),
(62, '2017-04-07', '10:02:57', '00:02:00', '13:39:00', '13:39:03', '00:00:00', '13:39:06', '14:20:12', '00:00:00', '17:08:10', '1726643370', 3, 5, 4, NULL),
(63, '2017-04-07', '14:46:35', '00:16:00', '17:24:18', '17:24:21', '00:00:00', '17:24:37', '17:24:41', '00:00:00', '17:28:23', '1717347114', 5, 9, 10, NULL),
(64, '2017-04-10', '08:34:59', '00:04:00', '14:00:17', '14:00:20', '00:00:00', '14:00:23', '18:10:51', '03:24:00', '18:11:06', '1003484936', 1, 1, 8, NULL),
(65, '2017-04-10', '08:35:12', '00:05:00', '10:18:30', '10:32:31', '00:00:00', '18:04:27', '18:04:30', '00:00:00', '18:04:34', '1721334652', 1, 1, 8, NULL),
(66, '2017-04-10', '08:57:10', '00:00:00', '13:15:09', '13:15:15', '00:00:00', '13:15:20', '14:11:21', '00:11:00', '18:09:04', '1757015191', 4, 7, 6, NULL),
(67, '2017-04-10', '09:18:29', '00:18:00', '18:18:07', '18:18:43', '00:00:00', '18:18:51', '18:18:57', '00:00:00', '18:19:04', '1726523861', 4, 7, 6, NULL),
(68, '2017-04-10', '09:22:31', '00:22:00', '11:00:05', '11:17:27', '00:02:00', '14:06:25', '14:49:38', '00:00:00', '16:36:09', '1723434666', 4, 7, 6, NULL),
(69, '2017-04-10', '10:00:55', '00:00:00', '12:07:33', '12:23:13', '00:00:00', '15:17:08', '15:17:12', '00:00:00', '15:17:15', '1725753626', 3, 11, 4, NULL),
(70, '2017-04-10', '10:09:59', '00:09:00', '16:16:24', '16:16:27', '00:00:00', '16:16:31', '16:16:34', '00:00:00', '17:34:22', '1726643370', 3, 5, 4, NULL),
(71, '2017-04-10', '14:54:37', '00:24:00', '18:09:27', '18:09:30', '00:00:00', '18:09:33', '18:09:36', '00:00:00', '18:00:00', '1717347114', 5, 9, 10, 'NO FIRMASTE LA SALIDA DE TU JORNADA. SE PROCEDE A AUTO COMPLETAR LA SALIDA'),
(72, '2017-04-11', '08:36:37', '00:06:00', '00:00:00', '00:00:00', '00:00:00', '00:00:00', '00:00:00', '00:00:00', '17:30:00', '1003484936', 1, 1, 8, 'NO FIRMASTE DESDE EL INICIO DE TU BREAK EN ADELANTE. SE PROCEDE A AUTO COMPLETAR LAS HORAS'),
(73, '2017-04-11', '08:36:46', '00:06:00', '10:47:16', '11:02:40', '00:00:00', '12:42:54', '13:25:50', '00:00:00', '17:30:00', '1721334652', 1, 1, 8, 'NO FIRMASTE LA SALIDA DE TU JORNADA. SE PROCEDE A AUTO COMPLETAR LA SALIDA'),
(74, '2017-04-11', '09:03:00', '00:03:00', '14:03:22', '14:40:00', '00:21:00', '00:00:00', '00:00:00', '00:00:00', '18:00:00', '1723434666', 4, 7, 6, 'NO FIRMASTE DESDE EL INICIO DE TU ALMUERZO EN ADELANTE. SE PROCEDE A AUTO COMPLETAR LAS HORAS'),
(75, '2017-04-11', '09:00:24', '00:00:00', '00:00:00', '00:00:00', '00:00:00', '00:00:00', '00:00:00', '00:00:00', '18:00:00', '1726523861', 4, 7, 6, 'NO FIRMASTE DESDE EL INICIO DE TU BREAK EN ADELANTE. SE PROCEDE A AUTO COMPLETAR LAS HORAS'),
(76, '2017-04-11', '09:09:30', '00:00:00', '13:42:19', '13:42:23', '00:00:00', '13:42:27', '14:13:00', '00:00:00', '14:40:11', '1726643370', 3, 5, 4, NULL),
(77, '2017-04-11', '09:47:53', '00:00:00', '12:07:26', '12:23:00', '00:00:00', '15:13:15', '15:13:20', '00:00:00', '15:13:23', '1725753626', 3, 11, 4, NULL),
(78, '2017-04-11', '14:20:00', '05:19:00', '18:06:35', '18:07:05', '00:00:00', '18:07:11', '18:07:15', '00:00:00', '18:07:20', '1757015191', 4, 7, 6, NULL),
(79, '2017-04-11', '14:51:59', '00:21:00', '18:10:55', '18:11:00', '00:00:00', '18:11:04', '18:11:08', '00:00:00', '18:11:11', '1717347114', 5, 9, 10, NULL),
(80, '2017-04-12', '08:07:10', '00:00:00', '14:24:14', '14:24:19', '00:00:00', '14:24:22', '14:24:26', '00:00:00', '17:30:00', '1003484936', 1, 1, 8, 'NO FIRMASTE LA SALIDA DE TU JORNADA. SE PROCEDE A AUTO COMPLETAR LA SALIDA'),
(81, '2017-04-12', '08:32:26', '00:02:00', '12:32:34', '12:32:43', '00:00:00', '12:32:50', '13:15:45', '00:00:00', '17:30:00', '1721334652', 1, 1, 8, 'NO FIRMASTE LA SALIDA DE TU JORNADA. SE PROCEDE A AUTO COMPLETAR LA SALIDA'),
(83, '2017-04-12', '09:00:09', '00:00:00', '14:53:36', '14:53:40', '00:00:00', '14:53:55', '15:38:37', '00:00:00', '18:16:34', '1726523861', 4, 7, 6, NULL),
(84, '2017-04-12', '09:04:23', '00:04:00', '10:54:20', '11:04:39', '00:00:00', '13:32:23', '14:07:06', '00:00:00', '16:17:56', '1723434666', 4, 7, 6, NULL),
(85, '2017-04-12', '09:48:53', '00:00:00', '12:03:07', '12:19:06', '00:00:00', '16:47:11', '16:47:16', '00:00:00', '16:47:19', '1725753626', 3, 11, 4, NULL),
(86, '2017-04-12', '10:13:48', '00:13:00', '13:19:10', '13:19:13', '00:00:00', '13:19:19', '14:17:05', '00:12:00', '17:15:55', '1726643370', 3, 5, 4, NULL),
(87, '2017-04-12', '11:56:39', '02:56:00', '18:13:30', '18:13:35', '00:00:00', '18:13:45', '18:13:49', '00:00:00', '18:13:53', '1757015191', 4, 7, 6, NULL),
(88, '2017-04-12', '14:40:05', '00:10:00', '00:00:00', '00:00:00', '00:00:00', '00:00:00', '00:00:00', '00:00:00', '18:00:00', '1717347114', 5, 9, 10, 'NO FIRMASTE DESDE EL INICIO DE TU BREAK EN ADELANTE. SE PROCEDE A AUTO COMPLETAR LAS HORAS'),
(89, '2017-04-13', '08:08:23', '00:00:00', '17:38:24', '17:38:28', '00:00:00', '17:38:31', '17:38:34', '00:00:00', '17:57:19', '1003484936', 1, 1, 8, NULL),
(90, '2017-04-13', '08:29:51', '00:00:00', '14:53:49', '14:53:53', '00:00:00', '14:54:09', '15:40:52', '00:01:00', '17:30:10', '1721334652', 1, 1, 8, NULL),
(91, '2017-04-13', '08:35:58', '00:00:00', '13:55:51', '13:55:56', '00:00:00', '13:56:01', '13:56:04', '00:00:00', '13:56:07', '1717347114', 5, 9, 10, NULL),
(92, '2017-04-13', '08:54:37', '00:00:00', '13:20:26', '13:20:30', '00:00:00', '13:20:34', '13:50:07', '00:00:00', '18:00:27', '1757015191', 4, 7, 6, NULL),
(93, '2017-04-13', '08:55:13', '00:00:00', '00:00:00', '00:00:00', '00:00:00', '00:00:00', '00:00:00', '00:00:00', '18:00:00', '1726523861', 4, 7, 6, 'NO FIRMASTE DESDE EL INICIO DE TU BREAK EN ADELANTE. SE PROCEDE A AUTO COMPLETAR LAS HORAS'),
(94, '2017-04-13', '09:08:52', '00:08:00', '14:01:45', '14:46:30', '00:29:00', '14:47:59', '14:48:03', '00:00:00', '18:00:00', '1723434666', 4, 7, 6, 'NO FIRMASTE LA SALIDA DE TU JORNADA. SE PROCEDE A AUTO COMPLETAR LA SALIDA'),
(95, '2017-04-13', '09:17:33', '00:00:00', '14:06:06', '14:06:09', '00:00:00', '14:06:12', '14:45:15', '00:00:00', '16:59:24', '1726643370', 3, 5, 4, NULL),
(96, '2017-04-13', '09:48:16', '00:00:00', '12:20:02', '12:38:48', '00:00:00', '13:59:56', '14:00:00', '00:00:00', '14:00:02', '1725753626', 3, 11, 4, NULL),
(97, '2017-04-17', '08:36:46', '00:06:00', '08:54:37', '08:54:43', '00:00:00', '00:00:00', '00:00:00', '00:00:00', '17:30:00', '1003484936', 1, 1, 8, 'NO FIRMASTE DESDE EL INICIO DE TU ALMUERZO EN ADELANTE. SE PROCEDE A AUTO COMPLETAR LAS HORAS'),
(98, '2017-04-17', '08:38:11', '00:08:00', '10:38:39', '10:54:03', '00:00:00', '12:30:45', '13:15:45', '00:00:00', '18:00:26', '1721334652', 1, 1, 8, NULL),
(99, '2017-04-17', '08:54:19', '00:00:00', '11:03:32', '11:09:59', '00:00:00', '13:16:07', '13:49:47', '00:00:00', '16:10:19', '1757015191', 4, 7, 6, NULL),
(100, '2017-04-17', '08:55:37', '00:00:00', '10:43:16', '10:53:50', '00:00:00', '00:00:00', '00:00:00', '00:00:00', '18:00:00', '1723434666', 4, 7, 6, 'NO FIRMASTE DESDE EL INICIO DE TU ALMUERZO EN ADELANTE. SE PROCEDE A AUTO COMPLETAR LAS HORAS'),
(101, '2017-04-17', '09:16:10', '00:16:00', '16:19:48', '16:19:56', '00:00:00', '16:19:59', '16:51:16', '00:00:00', '18:55:50', '1726523861', 4, 7, 6, NULL),
(102, '2017-04-17', '09:59:45', '00:00:00', '12:22:26', '12:41:16', '00:00:00', '15:03:33', '15:03:37', '00:00:00', '15:03:42', '1725753626', 3, 11, 4, NULL),
(103, '2017-04-17', '10:05:10', '00:05:00', '12:25:17', '12:25:18', '00:00:00', '12:25:19', '12:25:19', '00:00:00', '12:30:06', '1726643370', 3, 5, 4, NULL),
(104, '2017-04-18', '08:49:32', '00:19:00', '00:00:00', '00:00:00', '00:00:00', '00:00:00', '00:00:00', '00:00:00', '17:30:00', '1003484936', 1, 1, 8, 'NO FIRMASTE DESDE EL INICIO DE TU BREAK EN ADELANTE. SE PROCEDE A AUTO COMPLETAR LAS HORAS'),
(105, '2017-04-18', '08:58:56', '00:00:00', '13:15:50', '13:15:54', '00:00:00', '13:15:58', '13:54:18', '00:00:00', '18:01:37', '1757015191', 4, 7, 6, NULL),
(106, '2017-04-18', '09:50:06', '00:00:00', '12:21:03', '12:39:43', '00:00:00', '15:29:31', '15:29:34', '00:00:00', '15:29:37', '1725753626', 3, 11, 4, NULL),
(107, '2017-04-19', '08:39:10', '00:09:00', '00:00:00', '00:00:00', '00:00:00', '00:00:00', '00:00:00', '00:00:00', '17:30:00', '1003484936', 1, 1, 8, 'NO FIRMASTE DESDE EL INICIO DE TU BREAK EN ADELANTE. SE PROCEDE A AUTO COMPLETAR LAS HORAS'),
(108, '2017-04-19', '08:39:27', '00:09:00', '10:19:23', '10:34:58', '00:00:00', '12:35:08', '13:22:20', '00:02:00', '17:33:47', '1721334652', 1, 1, 8, NULL),
(109, '2017-04-19', '08:56:08', '00:00:00', '11:21:50', '11:31:21', '00:00:00', '13:19:29', '13:49:53', '00:00:00', '16:10:08', '1757015191', 4, 7, 6, NULL),
(110, '2017-04-19', '09:56:37', '00:00:00', '12:30:48', '12:47:39', '00:00:00', '15:24:31', '15:24:34', '00:00:00', '15:24:37', '1725753626', 3, 11, 4, NULL),
(112, '2017-04-20', '08:39:30', '00:09:00', '12:37:30', '12:37:35', '00:00:00', '12:37:38', '13:17:13', '00:00:00', '17:38:10', '1721334652', 1, 1, 8, NULL),
(113, '2017-04-20', '09:43:01', '00:43:00', '14:59:43', '14:59:52', '00:00:00', '14:59:54', '15:53:38', '00:08:00', '18:00:00', '1726523861', 4, 7, 6, 'NO FIRMASTE LA SALIDA DE TU JORNADA. SE PROCEDE A AUTO COMPLETAR LA SALIDA'),
(114, '2017-04-20', '09:52:52', '00:00:00', '12:13:06', '12:31:45', '00:00:00', '15:08:08', '15:08:11', '00:00:00', '15:08:14', '1725753626', 3, 11, 4, NULL),
(115, '2017-04-20', '10:46:54', '01:46:00', '12:31:40', '12:32:03', '00:00:00', '12:32:20', '13:16:18', '00:00:00', '16:39:53', '1722725759', 6, 12, 13, NULL),
(116, '2017-04-20', '17:40:45', '09:10:00', '17:40:50', '17:40:53', '00:00:00', '17:40:57', '17:41:03', '00:00:00', '17:41:07', '1003484936', 1, 1, 8, NULL),
(117, '2017-04-21', '08:32:28', '00:02:00', '12:44:00', '12:44:05', '00:00:00', '12:44:08', '12:44:17', '00:00:00', '17:30:00', '1003484936', 1, 1, 8, 'NO FIRMASTE LA SALIDA DE TU JORNADA. SE PROCEDE A AUTO COMPLETAR LA SALIDA'),
(118, '2017-04-21', '08:39:46', '00:09:00', '12:40:16', '12:40:21', '00:00:00', '12:40:34', '13:24:46', '00:00:00', '17:00:15', '1721334652', 1, 1, 8, NULL),
(119, '2017-04-21', '08:57:11', '00:00:00', '10:56:56', '11:09:09', '00:00:00', '13:35:47', '13:59:05', '00:00:00', '18:00:00', '1757015191', 4, 7, 6, 'NO FIRMASTE LA SALIDA DE TU JORNADA. SE PROCEDE A AUTO COMPLETAR LA SALIDA'),
(120, '2017-04-21', '09:09:41', '00:09:00', '13:26:28', '13:26:43', '00:00:00', '13:26:44', '14:24:44', '00:13:00', '18:00:00', '1726523861', 4, 7, 6, 'NO FIRMASTE LA SALIDA DE TU JORNADA. SE PROCEDE A AUTO COMPLETAR LA SALIDA'),
(121, '2017-04-21', '09:57:40', '00:00:00', '12:39:10', '12:56:57', '00:00:00', '15:08:26', '15:08:31', '00:00:00', '15:08:33', '1725753626', 3, 11, 4, NULL),
(122, '2017-04-21', '12:34:44', '03:34:00', '12:35:03', '12:35:36', '00:00:00', '12:35:50', '13:15:58', '00:00:00', '17:02:25', '1722725759', 6, 12, 13, NULL),
(123, '2017-04-24', '08:47:31', '00:17:00', '11:46:39', '12:31:30', '00:29:00', '12:31:37', '13:15:03', '00:00:00', '18:13:18', '1003484936', 1, 1, 8, NULL),
(124, '2017-04-24', '08:47:56', '00:17:00', '10:15:03', '10:29:56', '00:00:00', '12:30:03', '13:15:38', '00:00:00', '18:00:10', '1721334652', 1, 1, 8, NULL),
(125, '2017-04-24', '08:56:37', '00:00:00', '10:46:35', '10:54:23', '00:00:00', '13:18:03', '13:56:09', '00:00:00', '16:01:43', '1757015191', 4, 7, 6, NULL),
(126, '2017-04-24', '09:02:07', '00:02:00', '12:32:28', '13:16:23', '00:28:00', '00:00:00', '00:00:00', '00:00:00', '17:00:00', '1722725759', 6, 12, 13, 'NO FIRMASTE DESDE EL INICIO DE TU ALMUERZO EN ADELANTE. SE PROCEDE A AUTO COMPLETAR LAS HORAS'),
(127, '2017-04-24', '08:58:58', '00:00:00', '14:23:29', '14:23:34', '00:00:00', '14:23:59', '15:22:00', '00:13:00', '18:23:37', '1726523861', 4, 7, 6, NULL),
(128, '2017-04-24', '09:47:52', '00:00:00', '12:01:34', '12:19:10', '00:00:00', '15:01:31', '15:01:35', '00:00:00', '15:01:37', '1725753626', 3, 11, 4, NULL),
(129, '2017-04-24', '16:55:31', '07:55:00', '16:55:37', '16:55:41', '00:00:00', '16:55:46', '16:55:54', '00:00:00', '16:59:46', '1713039418', 4, 7, 6, NULL),
(130, '2017-04-25', '08:30:31', '00:00:00', '10:18:11', '10:33:40', '00:00:00', '12:30:03', '13:15:09', '00:00:00', '17:33:36', '1721334652', 1, 1, 8, NULL),
(131, '2017-04-25', '08:56:59', '00:00:00', '11:28:50', '11:36:53', '00:00:00', '13:18:22', '13:50:00', '00:00:00', '16:03:42', '1757015191', 4, 7, 6, NULL),
(132, '2017-04-25', '08:59:23', '00:00:00', '12:34:39', '13:19:50', '00:30:00', '16:00:07', '16:15:02', '00:00:00', '17:02:04', '1722725759', 6, 12, 13, NULL),
(133, '2017-04-25', '09:21:18', '00:21:00', '15:56:25', '15:56:32', '00:00:00', '15:56:38', '16:52:51', '00:00:00', '18:00:00', '1726523861', 4, 7, 14, 'NO FIRMASTE LA SALIDA DE TU JORNADA. SE PROCEDE A AUTO COMPLETAR LA SALIDA'),
(134, '2017-04-25', '09:45:43', '00:00:00', '12:03:30', '12:22:07', '00:00:00', '15:05:00', '15:05:03', '00:00:00', '15:05:05', '1725753626', 3, 11, 4, NULL),
(135, '2017-04-25', '09:59:14', '01:29:00', '13:48:39', '13:48:42', '00:00:00', '13:48:51', '14:11:59', '00:00:00', '17:35:39', '1003484936', 1, 1, 8, NULL),
(136, '2017-04-26', '08:32:58', '00:02:00', '14:05:18', '14:05:22', '00:00:00', '14:08:39', '18:41:04', '03:46:00', '18:41:07', '1003484936', 1, 1, 8, NULL),
(137, '2017-04-26', '08:31:21', '00:01:00', '10:17:59', '10:32:32', '00:00:00', '12:32:42', '13:17:03', '00:00:00', '17:31:19', '1721334652', 1, 1, 8, NULL),
(138, '2017-04-26', '08:53:36', '00:00:00', '10:47:47', '10:55:49', '00:00:00', '13:16:41', '13:58:24', '00:00:00', '18:04:14', '1757015191', 4, 7, 6, NULL),
(139, '2017-04-26', '09:02:45', '00:02:00', '12:32:34', '13:14:16', '00:26:00', '17:00:48', '17:01:03', '00:00:00', '17:01:05', '1722725759', 6, 12, 13, NULL),
(140, '2017-04-26', '09:10:56', '00:10:00', '15:39:10', '15:39:18', '00:00:00', '15:39:24', '16:35:11', '00:00:00', '18:00:00', '1726523861', 4, 7, 14, 'NO FIRMASTE LA SALIDA DE TU JORNADA. SE PROCEDE A AUTO COMPLETAR LA SALIDA'),
(141, '2017-04-26', '09:45:31', '00:00:00', '12:08:03', '12:23:48', '00:00:00', '15:27:08', '15:27:12', '00:00:00', '15:27:16', '1725753626', 3, 11, 4, NULL),
(142, '2017-04-27', '08:39:35', '00:09:00', '17:36:27', '17:36:32', '00:00:00', '17:36:37', '17:36:42', '00:00:00', '17:36:49', '1003484936', 1, 1, 8, NULL),
(143, '2017-04-27', '08:53:21', '00:23:00', '14:08:32', '14:08:36', '00:00:00', '14:08:38', '14:29:24', '00:00:00', '17:30:04', '1721334652', 1, 1, 8, NULL),
(144, '2017-04-27', '08:57:33', '00:00:00', '11:13:57', '11:21:33', '00:00:00', '13:40:05', '14:03:49', '00:00:00', '16:01:04', '1757015191', 4, 7, 6, NULL),
(145, '2017-04-27', '09:14:39', '00:14:00', '10:02:57', '10:03:03', '00:00:00', '13:03:04', '13:49:25', '00:01:00', '17:12:18', '1722725759', 6, 12, 13, NULL),
(146, '2017-04-27', '09:16:17', '00:16:00', '14:21:31', '14:21:34', '00:00:00', '14:22:04', '15:21:18', '00:00:00', '18:00:00', '1726523861', 4, 7, 14, 'NO FIRMASTE LA SALIDA DE TU JORNADA. SE PROCEDE A AUTO COMPLETAR LA SALIDA'),
(147, '2017-04-27', '09:57:09', '00:00:00', '12:04:01', '12:22:28', '00:00:00', '15:27:16', '15:27:19', '00:00:00', '15:27:22', '1725753626', 3, 11, 4, NULL),
(148, '2017-04-27', '13:05:16', '04:05:00', '00:00:00', '00:00:00', '00:00:00', '00:00:00', '00:00:00', '00:00:00', '18:00:00', '1713039418', 4, 7, 6, 'NO FIRMASTE DESDE EL INICIO DE TU BREAK EN ADELANTE. SE PROCEDE A AUTO COMPLETAR LAS HORAS'),
(149, '2017-04-28', '08:30:55', '00:00:00', '14:19:32', '14:19:35', '00:00:00', '14:19:44', '15:17:19', '00:12:00', '17:59:33', '1003484936', 1, 1, 8, NULL),
(150, '2017-04-28', '08:30:59', '00:00:00', '12:02:32', '12:15:55', '00:00:00', '12:54:06', '13:35:46', '00:00:00', '18:03:54', '1721334652', 1, 1, 8, NULL),
(151, '2017-04-28', '08:47:01', '00:00:00', '11:48:02', '11:48:08', '00:00:00', '11:48:11', '11:48:15', '00:00:00', '11:48:21', '1722725759', 6, 12, 13, NULL),
(152, '2017-04-28', '08:57:14', '00:00:00', '13:22:15', '13:22:19', '00:00:00', '13:22:24', '13:57:25', '00:00:00', '18:04:32', '1757015191', 4, 7, 6, NULL),
(153, '2017-04-28', '08:57:07', '00:00:00', '14:07:06', '14:07:11', '00:00:00', '14:20:11', '15:16:54', '00:00:00', '18:08:01', '1726523861', 4, 7, 14, NULL),
(154, '2017-04-28', '11:15:19', '01:15:00', '12:38:12', '12:53:26', '00:00:00', '15:55:46', '15:55:47', '00:00:00', '15:55:48', '1725753626', 3, 11, 4, NULL),
(155, '2017-04-29', '08:55:35', '00:25:00', '00:00:00', '00:00:00', '00:00:00', '00:00:00', '00:00:00', '00:00:00', '17:30:00', '1003484936', 1, 1, 8, 'NO FIRMASTE DESDE EL INICIO DE TU BREAK EN ADELANTE. SE PROCEDE A AUTO COMPLETAR LAS HORAS'),
(156, '2017-05-02', '08:31:19', '00:01:00', '15:30:11', '15:30:15', '00:00:00', '15:30:18', '15:30:21', '00:00:00', '17:44:39', '1003484936', 1, 1, 8, NULL),
(157, '2017-05-02', '08:31:27', '00:01:00', '10:15:11', '10:30:09', '00:00:00', '13:08:02', '13:45:53', '00:00:00', '17:35:16', '1721334652', 1, 1, 8, NULL),
(158, '2017-05-02', '08:48:00', '00:00:00', '12:30:39', '13:16:56', '00:31:00', '15:05:49', '15:17:44', '00:00:00', '17:05:29', '1722725759', 6, 12, 13, NULL),
(159, '2017-05-02', '08:52:56', '00:00:00', '14:17:47', '14:17:52', '00:00:00', '14:18:04', '15:17:28', '00:00:00', '18:00:00', '1726523861', 4, 7, 14, 'NO FIRMASTE LA SALIDA DE TU JORNADA. SE PROCEDE A AUTO COMPLETAR LA SALIDA'),
(160, '2017-05-02', '08:55:17', '00:00:00', '00:00:00', '00:00:00', '00:00:00', '00:00:00', '00:00:00', '00:00:00', '18:00:00', '1713039418', 4, 7, 6, 'NO FIRMASTE DESDE EL INICIO DE TU BREAK EN ADELANTE. SE PROCEDE A AUTO COMPLETAR LAS HORAS'),
(161, '2017-05-02', '09:00:44', '00:00:00', '12:25:24', '12:43:17', '00:00:00', '15:06:38', '15:06:42', '00:00:00', '15:06:45', '1725753626', 3, 11, 4, NULL),
(162, '2017-05-03', '08:30:40', '00:00:00', '11:28:01', '11:28:05', '00:00:00', '18:54:35', '18:54:39', '00:00:00', '19:01:16', '1003484936', 1, 1, 8, NULL),
(163, '2017-05-03', '08:30:43', '00:00:00', '10:42:53', '10:54:37', '00:00:00', '12:31:04', '13:15:51', '00:00:00', '17:32:58', '1721334652', 1, 1, 8, NULL),
(164, '2017-05-03', '08:52:19', '00:00:00', '15:05:05', '15:05:05', '00:00:00', '15:05:06', '15:05:06', '00:00:00', '15:05:07', '1725753626', 3, 11, 4, NULL),
(165, '2017-05-03', '09:04:15', '00:04:00', '12:32:37', '13:13:46', '00:26:00', '15:38:15', '15:53:22', '00:00:00', '17:00:00', '1722725759', 6, 12, 13, 'NO FIRMASTE LA SALIDA DE TU JORNADA. SE PROCEDE A AUTO COMPLETAR LA SALIDA'),
(166, '2017-05-03', '09:00:58', '00:00:00', '14:09:42', '14:11:31', '00:00:00', '14:11:36', '15:14:15', '00:02:00', '18:03:06', '1726523861', 4, 7, 14, NULL),
(167, '2017-05-04', '08:54:20', '00:00:00', '12:36:33', '13:15:54', '00:24:00', '17:00:11', '17:00:15', '00:00:00', '17:01:52', '1722725759', 6, 12, 13, NULL),
(168, '2017-05-04', '08:56:56', '00:00:00', '12:05:21', '12:23:55', '00:00:00', '15:08:58', '15:09:00', '00:00:00', '15:09:07', '1725753626', 3, 11, 4, NULL),
(169, '2017-05-04', '09:07:37', '00:07:00', '00:00:00', '00:00:00', '00:00:00', '00:00:00', '00:00:00', '00:00:00', '18:00:00', '1713039418', 4, 7, 6, 'NO FIRMASTE DESDE EL INICIO DE TU BREAK EN ADELANTE. SE PROCEDE A AUTO COMPLETAR LAS HORAS'),
(170, '2017-05-04', '09:07:16', '00:07:00', '16:18:50', '16:19:07', '00:00:00', '16:19:11', '16:45:07', '00:00:00', '18:00:00', '1726523861', 4, 7, 14, 'NO FIRMASTE LA SALIDA DE TU JORNADA. SE PROCEDE A AUTO COMPLETAR LA SALIDA'),
(171, '2017-05-04', '10:27:21', '01:57:00', '12:30:07', '12:30:24', '00:00:00', '12:30:29', '13:14:52', '00:00:00', '17:30:00', '1721334652', 1, 1, 8, 'NO FIRMASTE LA SALIDA DE TU JORNADA. SE PROCEDE A AUTO COMPLETAR LA SALIDA'),
(172, '2017-05-04', '11:41:08', '03:11:00', '14:00:56', '14:01:02', '00:00:00', '14:01:05', '17:34:49', '02:47:00', '18:45:10', '1003484936', 1, 1, 8, NULL),
(173, '2017-05-05', '08:38:28', '00:08:00', '14:17:06', '14:17:09', '00:00:00', '14:17:13', '18:17:31', '03:15:00', '18:17:34', '1003484936', 1, 1, 8, NULL),
(174, '2017-05-05', '08:39:54', '00:00:00', '14:20:45', '14:20:49', '00:00:00', '14:21:02', '15:02:35', '00:00:00', '18:07:03', '1726523861', 4, 7, 14, NULL),
(175, '2017-05-05', '08:41:37', '00:11:00', '12:32:18', '12:32:19', '00:00:00', '12:32:21', '13:14:19', '00:00:00', '17:30:00', '1721334652', 1, 1, 8, 'NO FIRMASTE LA SALIDA DE TU JORNADA. SE PROCEDE A AUTO COMPLETAR LA SALIDA'),
(176, '2017-05-05', '08:53:58', '00:00:00', '12:33:54', '13:16:39', '00:27:00', '17:11:14', '17:11:18', '00:00:00', '17:11:22', '1722725759', 6, 12, 13, NULL),
(177, '2017-05-05', '08:56:40', '00:00:00', '12:08:52', '12:30:52', '00:02:00', '15:06:23', '15:06:26', '00:00:00', '15:06:28', '1725753626', 3, 11, 4, NULL),
(178, '2017-05-08', '08:48:12', '00:18:00', '14:03:43', '14:03:48', '00:00:00', '14:03:53', '14:46:29', '00:00:00', '18:59:53', '1003484936', 1, 1, 8, NULL),
(179, '2017-05-08', '08:48:03', '00:18:00', '13:06:24', '13:06:38', '00:00:00', '13:06:40', '13:52:03', '00:00:00', '19:03:21', '1721334652', 1, 1, 8, NULL),
(180, '2017-05-08', '08:58:34', '00:00:00', '18:10:24', '18:10:27', '00:00:00', '18:10:30', '18:10:34', '00:00:00', '18:10:38', '1726523861', 4, 7, 14, NULL),
(181, '2017-05-08', '09:03:50', '00:03:00', '12:34:39', '12:42:49', '00:00:00', '13:23:50', '14:03:12', '00:00:00', '17:41:19', '1722725759', 6, 12, 13, NULL),
(182, '2017-05-08', '11:56:51', '01:56:00', '13:43:26', '14:02:35', '00:00:00', '15:04:46', '15:04:48', '00:00:00', '15:04:50', '1725753626', 3, 11, 4, NULL),
(183, '2017-05-09', '08:29:03', '00:00:00', '14:00:27', '14:00:32', '00:00:00', '14:00:39', '14:22:21', '00:00:00', '18:21:36', '1003484936', 1, 1, 8, NULL),
(184, '2017-05-09', '08:29:11', '00:00:00', '12:30:56', '12:30:59', '00:00:00', '12:31:02', '13:14:18', '00:00:00', '17:36:40', '1721334652', 1, 1, 8, NULL),
(185, '2017-05-09', '08:46:14', '00:00:00', '12:45:59', '13:21:00', '00:20:00', '15:47:49', '16:06:44', '00:00:00', '17:04:44', '1722725759', 6, 12, 13, NULL),
(186, '2017-05-09', '08:50:54', '00:00:00', '12:30:51', '15:19:17', '02:32:00', '15:19:26', '15:19:31', '00:00:00', '18:00:00', '1713039418', 4, 7, 6, 'NO FIRMASTE LA SALIDA DE TU JORNADA. SE PROCEDE A AUTO COMPLETAR LA SALIDA'),
(187, '2017-05-09', '08:59:31', '00:00:00', '16:06:51', '16:06:53', '00:00:00', '16:06:54', '16:55:20', '00:00:00', '18:00:00', '1726523861', 4, 7, 14, 'NO FIRMASTE LA SALIDA DE TU JORNADA. SE PROCEDE A AUTO COMPLETAR LA SALIDA'),
(188, '2017-05-09', '09:11:35', '00:00:00', '12:11:28', '12:30:24', '00:00:00', '15:02:41', '15:02:42', '00:00:00', '15:02:43', '1725753626', 3, 11, 4, NULL),
(189, '2017-05-10', '08:47:57', '00:17:00', '11:08:59', '11:16:06', '00:00:00', '18:10:45', '18:10:49', '00:00:00', '18:11:48', '1003484936', 1, 1, 8, NULL),
(190, '2017-05-10', '08:59:13', '00:00:00', '12:44:12', '13:33:17', '00:34:00', '17:04:10', '17:04:14', '00:00:00', '17:04:17', '1722725759', 6, 12, 13, NULL),
(191, '2017-05-10', '09:00:29', '00:30:00', '00:00:00', '00:00:00', '00:00:00', '00:00:00', '00:00:00', '00:00:00', '17:30:00', '1721334652', 1, 1, 8, 'NO FIRMASTE DESDE EL INICIO DE TU BREAK EN ADELANTE. SE PROCEDE A AUTO COMPLETAR LAS HORAS'),
(192, '2017-05-10', '09:00:19', '00:00:00', '00:00:00', '00:00:00', '00:00:00', '00:00:00', '00:00:00', '00:00:00', '18:00:00', '1726523861', 4, 7, 14, 'NO FIRMASTE DESDE EL INICIO DE TU BREAK EN ADELANTE. SE PROCEDE A AUTO COMPLETAR LAS HORAS'),
(193, '2017-05-10', '09:18:43', '00:00:00', '12:57:51', '13:16:14', '00:00:00', '15:03:34', '15:03:36', '00:00:00', '15:03:39', '1725753626', 3, 11, 4, NULL),
(194, '2017-05-11', '08:27:13', '00:00:00', '13:27:01', '13:27:07', '00:00:00', '13:27:12', '13:46:16', '00:00:00', '17:55:32', '1003484936', 1, 1, 8, NULL),
(195, '2017-05-11', '08:44:15', '00:00:00', '13:51:25', '14:08:55', '00:00:00', '15:09:23', '15:09:24', '00:00:00', '15:09:25', '1725753626', 3, 11, 4, NULL),
(196, '2017-05-11', '08:45:19', '00:15:00', '12:32:53', '12:32:57', '00:00:00', '12:33:01', '13:15:30', '00:00:00', '17:32:14', '1721334652', 1, 1, 8, NULL),
(197, '2017-05-11', '09:00:15', '00:00:00', '13:47:04', '13:47:07', '00:00:00', '13:50:06', '14:45:12', '00:00:00', '18:00:00', '1726523861', 4, 7, 14, 'NO FIRMASTE LA SALIDA DE TU JORNADA. SE PROCEDE A AUTO COMPLETAR LA SALIDA'),
(198, '2017-05-11', '09:06:36', '00:06:00', '13:29:07', '13:55:37', '00:11:00', '17:04:22', '17:04:26', '00:00:00', '17:04:32', '1722725759', 6, 12, 13, NULL),
(199, '2017-05-12', '09:09:35', '00:09:00', '12:34:03', '13:18:01', '00:28:00', '16:07:47', '16:07:59', '00:00:00', '17:29:01', '1722725759', 6, 12, 13, NULL),
(200, '2017-05-12', '09:06:15', '00:00:00', '12:30:09', '12:53:30', '00:03:00', '15:19:57', '15:19:58', '00:00:00', '15:19:58', '1725753626', 3, 11, 4, NULL),
(201, '2017-05-12', '09:06:02', '00:06:00', '14:46:59', '14:47:01', '00:00:00', '14:47:02', '15:02:34', '00:00:00', '18:00:00', '1726523861', 4, 7, 14, 'NO FIRMASTE LA SALIDA DE TU JORNADA. SE PROCEDE A AUTO COMPLETAR LA SALIDA'),
(202, '2017-05-12', '10:42:48', '02:12:00', '12:34:28', '12:34:35', '00:00:00', '12:34:39', '13:18:27', '00:00:00', '17:00:01', '1721334652', 1, 1, 8, NULL),
(203, '2017-05-12', '10:57:43', '02:27:00', '14:35:03', '14:35:06', '00:00:00', '14:35:09', '14:35:13', '00:00:00', '18:13:35', '1003484936', 1, 1, 8, NULL),
(204, '2017-05-15', '08:30:36', '00:00:00', '15:30:10', '15:30:14', '00:00:00', '15:30:19', '17:56:34', '01:41:00', '17:56:44', '1003484936', 1, 1, 8, NULL),
(205, '2017-05-15', '08:31:23', '00:01:00', '11:12:50', '11:27:35', '00:00:00', '12:35:19', '13:19:12', '00:00:00', '18:01:50', '1721334652', 1, 1, 8, NULL),
(206, '2017-05-15', '08:49:54', '00:00:00', '15:08:38', '15:08:39', '00:00:00', '15:08:40', '15:08:41', '00:00:00', '15:08:41', '1725753626', 3, 11, 4, NULL),
(207, '2017-05-15', '09:00:41', '00:00:00', '15:08:51', '15:08:56', '00:00:00', '15:09:01', '16:07:07', '00:00:00', '18:01:34', '1726523861', 4, 7, 14, NULL),
(208, '2017-05-15', '09:33:44', '00:33:00', '17:25:45', '17:25:52', '00:00:00', '17:25:56', '17:26:01', '00:00:00', '17:45:55', '1713039418', 4, 7, 6, NULL),
(209, '2017-05-16', '08:22:43', '00:00:00', '14:05:11', '14:05:14', '00:00:00', '14:05:18', '14:23:32', '00:00:00', '18:23:27', '1003484936', 1, 1, 8, NULL),
(210, '2017-05-16', '08:27:32', '00:00:00', '10:24:48', '10:39:35', '00:00:00', '12:40:07', '13:23:46', '00:00:00', '17:30:06', '1721334652', 1, 1, 8, NULL),
(211, '2017-05-16', '08:51:58', '00:00:00', '14:47:26', '14:47:27', '00:00:00', '14:47:27', '14:47:28', '00:00:00', '14:47:29', '1725753626', 3, 11, 4, NULL),
(212, '2017-05-16', '08:53:15', '00:00:00', '00:00:00', '00:00:00', '00:00:00', '00:00:00', '00:00:00', '00:00:00', '18:00:00', '1713039418', 4, 7, 6, 'NO FIRMASTE DESDE EL INICIO DE TU BREAK EN ADELANTE. SE PROCEDE A AUTO COMPLETAR LAS HORAS'),
(213, '2017-05-16', '08:57:56', '00:00:00', '12:38:29', '13:22:03', '00:28:00', '17:13:43', '17:13:47', '00:00:00', '17:00:00', '1722725759', 6, 12, 13, 'NO FIRMASTE LA SALIDA DE TU JORNADA. SE PROCEDE A AUTO COMPLETAR LA SALIDA'),
(214, '2017-05-16', '09:40:41', '00:40:00', '14:25:35', '14:25:37', '00:00:00', '14:25:43', '15:15:57', '00:00:00', '18:07:36', '1726523861', 4, 7, 14, NULL),
(215, '2017-05-17', '08:38:47', '00:08:00', '17:29:33', '17:29:44', '00:00:00', '17:29:50', '17:29:54', '00:00:00', '17:29:57', '1003484936', 1, 1, 8, NULL),
(216, '2017-05-17', '08:38:52', '00:08:00', '10:28:05', '10:43:37', '00:00:00', '12:33:50', '13:17:14', '00:00:00', '17:30:12', '1721334652', 1, 1, 8, NULL),
(217, '2017-05-17', '17:30:27', '08:30:00', '00:00:00', '00:00:00', '00:00:00', '00:00:00', '00:00:00', '00:00:00', '18:00:00', '1726523861', 4, 7, 14, 'NO FIRMASTE DESDE EL INICIO DE TU BREAK EN ADELANTE. SE PROCEDE A AUTO COMPLETAR LAS HORAS'),
(218, '2017-05-18', '08:38:44', '00:08:00', '14:56:11', '14:56:15', '00:00:00', '15:20:24', '15:20:34', '00:00:00', '17:30:00', '1003484936', 1, 1, 8, 'NO FIRMASTE LA SALIDA DE TU JORNADA. SE PROCEDE A AUTO COMPLETAR LA SALIDA'),
(219, '2017-05-18', '08:38:51', '00:08:00', '11:02:58', '11:16:19', '00:00:00', '12:33:09', '13:16:21', '00:00:00', '17:30:52', '1721334652', 1, 1, 8, NULL),
(220, '2017-05-18', '09:02:51', '00:02:00', '13:20:30', '13:20:35', '00:00:00', '13:20:38', '13:25:19', '00:00:00', '18:11:55', '1726523861', 4, 7, 14, NULL),
(221, '2017-05-18', '09:06:46', '00:06:00', '13:04:15', '14:04:06', '00:45:00', '16:25:46', '16:25:49', '00:00:00', '16:31:19', '1713039418', 4, 7, 6, NULL),
(222, '2017-05-19', '08:59:12', '00:29:00', '16:52:48', '16:52:54', '00:00:00', '16:52:57', '17:34:13', '00:00:00', '17:34:25', '1003484936', 1, 1, 8, NULL),
(223, '2017-05-19', '09:45:45', '01:15:00', '13:14:21', '13:14:24', '00:00:00', '13:14:26', '13:48:50', '00:00:00', '17:00:26', '1721334652', 1, 1, 8, NULL),
(224, '2017-05-22', '08:36:49', '00:06:00', '15:23:55', '15:23:58', '00:00:00', '15:24:01', '15:43:04', '00:00:00', '17:44:19', '1003484936', 1, 1, 8, NULL),
(225, '2017-05-22', '08:40:18', '00:10:00', '10:16:17', '10:31:23', '00:00:00', '15:15:53', '16:26:10', '00:25:00', '17:46:48', '1721334652', 1, 1, 8, NULL),
(226, '2017-05-23', '08:32:47', '00:02:00', '00:00:00', '00:00:00', '00:00:00', '00:00:00', '00:00:00', '00:00:00', '17:30:00', '1003484936', 1, 1, 8, 'NO FIRMASTE DESDE EL INICIO DE TU BREAK EN ADELANTE. SE PROCEDE A AUTO COMPLETAR LAS HORAS'),
(227, '2017-05-23', '08:32:52', '00:02:00', '12:30:34', '12:30:37', '00:00:00', '12:30:42', '13:17:45', '00:02:00', '17:30:06', '1721334652', 1, 1, 8, NULL),
(228, '2017-05-24', '09:04:43', '00:34:00', '14:20:45', '14:20:49', '00:00:00', '14:20:55', '15:40:35', '00:34:00', '18:11:57', '1003484936', 1, 1, 8, NULL),
(229, '2017-05-24', '09:04:50', '00:34:00', '10:25:29', '10:39:40', '00:00:00', '13:40:28', '14:20:18', '00:00:00', '17:30:05', '1721334652', 1, 1, 8, NULL),
(230, '2017-05-25', '08:22:33', '00:00:00', '15:04:24', '15:04:29', '00:00:00', '15:04:34', '15:24:55', '00:00:00', '17:30:00', '1003484936', 1, 1, 8, 'NO FIRMASTE LA SALIDA DE TU JORNADA. SE PROCEDE A AUTO COMPLETAR LA SALIDA'),
(231, '2017-05-25', '08:27:02', '00:00:00', '10:20:05', '10:34:47', '00:00:00', '12:31:02', '13:15:39', '00:00:00', '17:30:10', '1721334652', 1, 1, 8, NULL),
(232, '2017-05-25', '10:36:23', '01:36:00', '00:00:00', '00:00:00', '00:00:00', '00:00:00', '00:00:00', '00:00:00', '18:00:00', '1713039418', 4, 7, 6, 'NO FIRMASTE DESDE EL FIN DE TU BREAK EN ADELANTE. SE PROCEDE A AUTO COMPLETAR LAS HORAS'),
(233, '2017-05-29', '08:36:47', '00:06:00', '14:08:33', '14:08:37', '00:00:00', '14:08:42', '14:51:22', '00:00:00', '17:43:01', '1003484936', 1, 1, 8, NULL),
(234, '2017-05-29', '08:36:54', '00:06:00', '10:15:09', '10:30:08', '00:00:00', '12:32:14', '13:16:11', '00:00:00', '17:30:00', '1721334652', 1, 1, 8, 'NO FIRMASTE LA SALIDA DE TU JORNADA. SE PROCEDE A AUTO COMPLETAR LA SALIDA'),
(235, '2017-05-29', '09:05:29', '00:05:00', '13:50:03', '13:50:06', '00:00:00', '13:50:11', '14:44:24', '00:00:00', '19:20:25', '1726523861', 4, 7, 14, NULL),
(236, '2017-05-29', '10:09:44', '01:09:00', '16:05:27', '16:05:32', '00:00:00', '00:00:00', '00:00:00', '00:00:00', '18:00:00', '1713039418', 4, 7, 6, 'NO FIRMASTE DESDE EL INICIO DE TU ALMUERZO EN ADELANTE. SE PROCEDE A AUTO COMPLETAR LAS HORAS'),
(237, '2017-05-30', '08:18:50', '00:00:00', '14:09:53', '14:09:58', '00:00:00', '14:10:04', '14:38:52', '00:00:00', '17:59:32', '1003484936', 1, 1, 8, NULL),
(238, '2017-05-30', '08:24:40', '00:00:00', '10:15:43', '10:30:03', '00:00:00', '12:30:06', '13:15:27', '00:00:00', '17:38:22', '1721334652', 1, 1, 8, NULL),
(239, '2017-05-30', '08:58:12', '00:00:00', '14:36:33', '14:36:42', '00:00:00', '14:37:13', '15:31:59', '00:00:00', '18:04:04', '1726523861', 4, 7, 14, NULL),
(240, '2017-05-31', '08:25:22', '00:00:00', '14:03:53', '14:03:57', '00:00:00', '14:04:02', '14:34:02', '00:00:00', '17:34:32', '1003484936', 1, 1, 8, NULL),
(241, '2017-05-31', '08:30:38', '00:00:00', '10:05:08', '10:27:02', '00:06:00', '12:30:24', '13:15:43', '00:00:00', '17:53:16', '1721334652', 1, 1, 8, NULL),
(242, '2017-05-31', '08:58:35', '00:00:00', '13:50:05', '13:50:05', '00:00:00', '13:50:05', '14:47:25', '00:00:00', '18:00:00', '1726523861', 4, 7, 14, 'NO FIRMASTE LA SALIDA DE TU JORNADA. SE PROCEDE A AUTO COMPLETAR LA SALIDA'),
(243, '2017-06-01', '08:24:48', '00:00:00', '14:03:56', '14:04:01', '00:00:00', '14:04:06', '14:34:21', '00:00:00', '18:30:15', '1003484936', 1, 1, 8, NULL),
(244, '2017-06-01', '08:25:18', '00:00:00', '10:57:02', '11:12:48', '00:00:00', '12:38:07', '13:21:01', '00:00:00', '17:31:17', '1721334652', 1, 1, 8, NULL),
(245, '2017-06-01', '09:03:03', '00:03:00', '13:13:55', '13:13:58', '00:00:00', '13:14:08', '14:09:26', '00:00:00', '18:00:00', '1726523861', 4, 7, 14, 'NO FIRMASTE LA SALIDA DE TU JORNADA. SE PROCEDE A AUTO COMPLETAR LA SALIDA'),
(246, '2017-06-01', '09:07:45', '00:07:00', '00:00:00', '00:00:00', '00:00:00', '00:00:00', '00:00:00', '00:00:00', '18:00:00', '1713039418', 4, 7, 6, 'NO FIRMASTE DESDE EL INICIO DE TU BREAK EN ADELANTE. SE PROCEDE A AUTO COMPLETAR LAS HORAS'),
(247, '2017-06-02', '08:26:59', '00:00:00', '15:45:46', '17:31:59', '01:30:00', '17:32:04', '17:32:08', '00:00:00', '17:32:11', '1003484936', 1, 1, 8, NULL),
(248, '2017-06-02', '08:27:05', '00:00:00', '10:15:20', '10:30:32', '00:00:00', '12:31:30', '13:15:58', '00:00:00', '17:02:25', '1721334652', 1, 1, 8, NULL),
(249, '2017-06-02', '08:46:24', '00:00:00', '16:00:47', '16:00:51', '00:00:00', '16:00:56', '17:00:55', '00:00:00', '18:00:19', '1726523861', 4, 7, 14, NULL),
(250, '2017-06-05', '09:00:01', '00:30:00', '10:18:57', '10:33:14', '00:00:00', '13:54:22', '14:23:48', '00:00:00', '18:19:55', '1721334652', 1, 1, 8, 'Se timbra a las 8h38. Servidores apagados, es por eso que se timbra a las 9h00'),
(251, '2017-06-05', '09:04:30', '00:04:00', '14:45:58', '14:46:01', '00:00:00', '14:46:08', '15:45:54', '00:00:00', '18:23:39', '1726523861', 4, 7, 14, NULL),
(252, '2017-06-05', '09:12:26', '00:42:00', '18:11:57', '18:12:01', '00:00:00', '18:12:04', '18:12:09', '00:00:00', '18:12:12', '1003484936', 1, 1, 8, NULL),
(253, '2017-06-06', '08:24:27', '00:00:00', '14:17:36', '14:17:41', '00:00:00', '14:17:47', '14:57:57', '00:00:00', '17:40:11', '1003484936', 1, 1, 8, NULL),
(254, '2017-06-06', '08:24:43', '00:00:00', '10:47:21', '11:02:16', '00:00:00', '12:33:30', '13:17:01', '00:00:00', '17:32:00', '1721334652', 1, 1, 8, NULL),
(255, '2017-06-06', '08:59:24', '00:00:00', '15:09:50', '15:09:57', '00:00:00', '15:10:39', '16:25:46', '00:15:00', '18:02:20', '1726523861', 4, 7, 14, NULL),
(256, '2017-06-06', '09:13:52', '00:13:00', '13:09:14', '13:38:15', '00:14:00', '17:29:46', '17:29:54', '00:00:00', '17:30:01', '1713039418', 4, 7, 6, NULL),
(257, '2017-06-07', '08:28:41', '00:00:00', '17:38:47', '17:38:52', '00:00:00', '17:38:57', '17:39:01', '00:00:00', '17:39:15', '1003484936', 1, 1, 8, NULL),
(258, '2017-06-07', '08:28:47', '00:00:00', '11:38:14', '11:52:23', '00:00:00', '13:58:51', '14:40:48', '00:00:00', '17:31:14', '1721334652', 1, 1, 8, NULL),
(259, '2017-06-07', '08:57:18', '00:00:00', '13:54:08', '13:54:10', '00:00:00', '13:54:13', '14:53:35', '00:00:00', '18:00:00', '1726523861', 4, 7, 14, 'NO FIRMASTE LA SALIDA DE TU JORNADA. SE PROCEDE A AUTO COMPLETAR LA SALIDA'),
(260, '2017-06-08', '08:00:10', '00:00:00', '00:00:00', '00:00:00', '00:00:00', '00:00:00', '00:00:00', '00:00:00', '18:00:00', '1726523861', 4, 7, 14, 'NO FIRMASTE DESDE EL INICIO DE TU BREAK EN ADELANTE. SE PROCEDE A AUTO COMPLETAR LAS HORAS'),
(261, '2017-06-08', '08:27:44', '00:00:00', '10:17:06', '10:33:00', '00:00:00', '12:31:29', '13:19:37', '00:03:00', '17:30:02', '1721334652', 1, 1, 8, NULL),
(262, '2017-06-08', '08:30:12', '00:00:00', '18:10:17', '18:10:21', '00:00:00', '18:10:24', '18:10:27', '00:00:00', '18:10:31', '1003484936', 1, 1, 8, NULL),
(263, '2017-06-09', '08:06:35', '00:00:00', '13:20:35', '13:20:38', '00:00:00', '13:20:41', '13:49:51', '00:00:00', '18:00:00', '1726523861', 4, 7, 14, 'NO FIRMASTE LA SALIDA DE TU JORNADA. SE PROCEDE A AUTO COMPLETAR LA SALIDA'),
(264, '2017-06-09', '08:31:55', '00:01:00', '18:16:51', '18:16:56', '00:00:00', '18:17:02', '18:17:07', '00:00:00', '18:17:28', '1003484936', 1, 1, 8, NULL),
(265, '2017-06-09', '12:12:02', '03:42:00', '12:30:03', '12:30:03', '00:00:00', '12:30:03', '13:15:35', '00:00:00', '17:03:05', '1721334652', 1, 1, 8, NULL),
(266, '2017-06-12', '08:31:56', '00:01:00', '14:05:41', '14:05:46', '00:00:00', '14:05:49', '14:39:45', '00:00:00', '18:04:48', '1003484936', 1, 1, 8, NULL),
(267, '2017-06-12', '08:32:06', '00:02:00', '10:16:59', '10:31:43', '00:00:00', '12:30:55', '13:15:55', '00:00:00', '18:00:02', '1721334652', 1, 1, 8, NULL),
(268, '2017-06-12', '09:13:28', '00:13:00', '00:00:00', '00:00:00', '00:00:00', '00:00:00', '00:00:00', '00:00:00', '18:00:00', '1726523861', 4, 7, 14, 'NO FIRMASTE DESDE EL INICIO DE TU BREAK EN ADELANTE. SE PROCEDE A AUTO COMPLETAR LAS HORAS'),
(269, '2017-06-13', '08:25:06', '00:00:00', '14:18:16', '14:18:22', '00:00:00', '00:00:00', '00:00:00', '00:00:00', '18:00:00', '1713039418', 4, 7, 6, 'NO FIRMASTE DESDE EL FIN DE TU ALMUERZO EN ADELANTE. SE PROCEDE A AUTO COMPLETAR LAS HORAS'),
(270, '2017-06-13', '08:31:29', '00:01:00', '10:17:36', '10:33:14', '00:00:00', '12:31:11', '13:15:19', '00:00:00', '17:30:53', '1721334652', 1, 1, 8, NULL),
(271, '2017-06-13', '09:17:50', '00:17:00', '00:00:00', '00:00:00', '00:00:00', '00:00:00', '00:00:00', '00:00:00', '18:00:00', '1726523861', 4, 7, 14, 'NO FIRMASTE DESDE EL INICIO DE TU BREAK EN ADELANTE. SE PROCEDE A AUTO COMPLETAR LAS HORAS'),
(272, '2017-06-13', '14:01:32', '05:31:00', '14:01:49', '14:01:53', '00:00:00', '14:01:59', '14:43:43', '00:00:00', '17:49:21', '1003484936', 1, 1, 8, NULL),
(273, '2017-06-14', '08:30:28', '00:00:00', '17:43:26', '17:43:30', '00:00:00', '17:43:33', '17:43:36', '00:00:00', '17:43:38', '1003484936', 1, 1, 8, NULL),
(274, '2017-06-14', '08:30:36', '00:00:00', '10:22:00', '10:37:38', '00:00:00', '11:56:00', '12:40:20', '00:00:00', '17:31:30', '1721334652', 1, 1, 8, NULL),
(275, '2017-06-14', '09:00:15', '00:00:00', '17:59:54', '17:59:57', '00:00:00', '18:00:01', '18:00:04', '00:00:00', '18:00:11', '1726523861', 4, 7, 14, NULL),
(276, '2017-06-14', '12:48:53', '03:48:00', '12:54:34', '15:26:57', '02:16:00', '19:06:30', '19:06:38', '00:00:00', '18:00:00', '1713039418', 4, 7, 6, 'NO FIRMASTE LA SALIDA DE TU JORNADA. SE PROCEDE A AUTO COMPLETAR LA SALIDA'),
(277, '2017-06-15', '08:32:20', '00:02:00', '11:06:48', '11:20:42', '00:00:00', '17:32:11', '17:32:14', '00:00:00', '17:32:20', '1721334652', 1, 1, 8, NULL),
(278, '2017-06-15', '08:34:53', '00:04:00', '00:00:00', '00:00:00', '00:00:00', '00:00:00', '00:00:00', '00:00:00', '17:30:00', '1003484936', 1, 1, 8, 'NO FIRMASTE DESDE EL INICIO DE TU BREAK EN ADELANTE. SE PROCEDE A AUTO COMPLETAR LAS HORAS'),
(279, '2017-06-15', '08:59:26', '00:00:00', '00:00:00', '00:00:00', '00:00:00', '00:00:00', '00:00:00', '00:00:00', '18:00:00', '1726523861', 4, 7, 14, 'NO FIRMASTE DESDE EL INICIO DE TU BREAK EN ADELANTE. SE PROCEDE A AUTO COMPLETAR LAS HORAS'),
(280, '2017-06-16', '08:28:23', '00:00:00', '16:01:34', '16:01:38', '00:00:00', '16:01:41', '16:01:44', '00:00:00', '16:01:52', '1003484936', 1, 1, 8, NULL),
(282, '2017-06-16', '09:00:03', '00:00:00', '00:00:00', '00:00:00', '00:00:00', '00:00:00', '00:00:00', '00:00:00', '18:00:00', '1726523861', 4, 7, 14, 'NO FIRMASTE DESDE EL INICIO DE TU BREAK EN ADELANTE. SE PROCEDE A AUTO COMPLETAR LAS HORAS'),
(283, '2017-06-16', '10:25:55', '01:55:00', '12:30:09', '12:30:12', '00:00:00', '12:30:14', '13:14:36', '00:00:00', '17:30:00', '1721334652', 1, 1, 8, 'NO FIRMASTE LA SALIDA DE TU JORNADA. SE PROCEDE A AUTO COMPLETAR LA SALIDA'),
(284, '2017-06-19', '08:27:33', '00:00:00', '14:00:12', '14:00:16', '00:00:00', '14:00:26', '14:46:05', '00:00:00', '17:54:40', '1003484936', 1, 1, 8, NULL),
(285, '2017-06-19', '08:38:30', '00:08:00', '10:15:13', '10:29:10', '00:00:00', '12:30:17', '13:14:16', '00:00:00', '17:55:06', '1721334652', 1, 1, 8, NULL),
(286, '2017-06-19', '08:54:39', '00:00:00', '14:46:15', '14:46:20', '00:00:00', '14:46:27', '15:45:45', '00:00:00', '18:01:06', '1726523861', 4, 7, 14, NULL),
(287, '2017-06-19', '09:27:17', '00:27:00', '12:14:11', '12:29:03', '00:00:00', '13:46:33', '14:12:09', '00:00:00', '17:18:12', '1713039418', 4, 7, 6, NULL),
(288, '2017-06-20', '08:35:16', '00:05:00', '00:00:00', '00:00:00', '00:00:00', '00:00:00', '00:00:00', '00:00:00', '17:30:00', '1003484936', 1, 1, 8, 'NO FIRMASTE DESDE EL INICIO DE TU BREAK EN ADELANTE. SE PROCEDE A AUTO COMPLETAR LAS HORAS'),
(289, '2017-06-20', '08:35:44', '00:05:00', '10:21:15', '10:34:13', '00:00:00', '12:35:02', '13:17:57', '00:00:00', '17:40:27', '1721334652', 1, 1, 8, NULL),
(290, '2017-06-20', '08:49:48', '00:00:00', '09:53:14', '10:58:29', '00:50:00', '15:53:44', '15:59:12', '00:00:00', '18:00:00', '1713039418', 4, 7, 6, 'NO FIRMASTE LA SALIDA DE TU JORNADA. SE PROCEDE A AUTO COMPLETAR LA SALIDA'),
(291, '2017-06-20', '09:00:04', '00:00:00', '18:00:15', '18:00:24', '00:00:00', '18:00:25', '18:00:26', '00:00:00', '18:00:27', '1726523861', 4, 7, 14, NULL),
(292, '2017-06-21', '08:30:41', '00:00:00', '12:31:06', '12:31:09', '00:00:00', '12:31:18', '13:13:17', '00:00:00', '17:30:00', '1721334652', 1, 1, 8, 'NO FIRMASTE LA SALIDA DE TU JORNADA. SE PROCEDE A AUTO COMPLETAR LA SALIDA'),
(293, '2017-06-21', '08:30:31', '00:00:00', '12:57:50', '12:57:57', '00:00:00', '12:57:58', '13:09:26', '00:00:00', '18:01:11', '1726523861', 4, 7, 14, NULL),
(294, '2017-06-21', '14:04:08', '05:34:00', '14:04:17', '14:04:21', '00:00:00', '14:04:25', '14:46:46', '00:00:00', '18:05:54', '1003484936', 1, 1, 8, NULL),
(295, '2017-06-21', '16:27:05', '07:27:00', '16:28:13', '16:34:24', '00:00:00', '16:42:07', '17:00:38', '00:00:00', '17:40:38', '1713039418', 4, 7, 6, NULL),
(296, '2017-06-22', '08:27:07', '00:00:00', '12:22:03', '15:13:17', '02:36:00', '15:13:22', '15:13:31', '00:00:00', '16:13:03', '1713039418', 4, 7, 6, NULL),
(297, '2017-06-22', '08:26:21', '00:00:00', '00:00:00', '00:00:00', '00:00:00', '00:00:00', '00:00:00', '00:00:00', '17:30:00', '1003484936', 1, 1, 8, 'NO FIRMASTE DESDE EL INICIO DE TU BREAK EN ADELANTE. SE PROCEDE A AUTO COMPLETAR LAS HORAS'),
(298, '2017-06-22', '08:30:29', '00:00:00', '10:16:01', '10:27:18', '00:00:00', '12:35:41', '13:20:50', '00:00:00', '17:30:00', '1721334652', 1, 1, 8, 'NO FIRMASTE LA SALIDA DE TU JORNADA. SE PROCEDE A AUTO COMPLETAR LA SALIDA'),
(299, '2017-06-22', '09:00:58', '00:00:00', '00:00:00', '00:00:00', '00:00:00', '00:00:00', '00:00:00', '00:00:00', '18:00:00', '1726523861', 4, 7, 14, 'NO FIRMASTE DESDE EL INICIO DE TU BREAK EN ADELANTE. SE PROCEDE A AUTO COMPLETAR LAS HORAS'),
(300, '2017-06-23', '08:27:26', '00:00:00', '00:00:00', '00:00:00', '00:00:00', '00:00:00', '00:00:00', '00:00:00', '17:30:00', '1003484936', 1, 1, 8, 'NO FIRMASTE DESDE EL INICIO DE TU BREAK EN ADELANTE. SE PROCEDE A AUTO COMPLETAR LAS HORAS'),
(301, '2017-06-23', '08:27:29', '00:00:00', '09:52:32', '10:11:02', '00:03:00', '12:37:36', '13:20:19', '00:00:00', '17:08:25', '1721334652', 1, 1, 8, NULL),
(302, '2017-06-23', '09:00:56', '00:00:00', '18:08:08', '18:08:11', '00:00:00', '18:08:14', '18:08:17', '00:00:00', '18:08:20', '1726523861', 4, 7, 14, NULL),
(303, '2017-06-23', '09:15:02', '00:15:00', '11:10:03', '11:23:26', '00:00:00', '13:53:42', '14:51:21', '00:12:00', '17:43:37', '1713039418', 4, 7, 6, NULL),
(304, '2017-06-26', '08:30:29', '00:00:00', '14:01:17', '14:01:23', '00:00:00', '14:01:30', '14:42:03', '00:00:00', '17:30:00', '1003484936', 1, 1, 8, 'NO FIRMASTE LA SALIDA DE TU JORNADA. SE PROCEDE A AUTO COMPLETAR LA SALIDA'),
(305, '2017-06-26', '08:30:36', '00:00:00', '10:20:12', '10:35:21', '00:00:00', '12:35:01', '13:20:10', '00:00:00', '18:00:18', '1721334652', 1, 1, 8, NULL);
INSERT INTO firma (ID_F, FECHA_FIRMA, H_I_JORNADA, A_I_JORNADA, H_I_BREAK, H_F_BREAK, A_F_BREAK, H_I_ALMUERZO, H_F_ALMUERZO, A_F_ALMUERZO, H_F_JORNADA, CI, ID_T, ID_B, ID_BA, observacion) VALUES
(307, '2017-06-26', '09:00:52', '00:00:00', '14:03:02', '14:03:06', '00:00:00', '14:03:11', '15:01:16', '00:00:00', '18:00:00', '1726523861', 4, 7, 14, 'NO FIRMASTE LA SALIDA DE TU JORNADA. SE PROCEDE A AUTO COMPLETAR LA SALIDA'),
(308, '2017-06-27', '08:35:53', '00:05:00', '00:00:00', '00:00:00', '00:00:00', '00:00:00', '00:00:00', '00:00:00', '17:30:00', '1003484936', 1, 1, 8, 'NO FIRMASTE DESDE EL INICIO DE TU BREAK EN ADELANTE. SE PROCEDE A AUTO COMPLETAR LAS HORAS'),
(309, '2017-06-27', '08:40:35', '00:10:00', '12:40:56', '12:41:03', '00:00:00', '12:41:09', '13:41:42', '00:15:00', '17:30:00', '1721334652', 1, 1, 8, 'NO FIRMASTE LA SALIDA DE TU JORNADA. SE PROCEDE A AUTO COMPLETAR LA SALIDA'),
(310, '2017-06-27', '09:11:17', '00:11:00', '00:00:00', '00:00:00', '00:00:00', '00:00:00', '00:00:00', '00:00:00', '18:00:00', '1713039418', 4, 7, 6, 'NO FIRMASTE DESDE EL INICIO DE TU BREAK EN ADELANTE. SE PROCEDE A AUTO COMPLETAR LAS HORAS'),
(311, '2017-06-29', '11:38:23', '02:38:00', '18:21:29', '18:21:37', '00:00:00', '18:21:41', '18:21:45', '00:00:00', '18:00:00', '1713039418', 4, 7, 6, 'NO FIRMASTE LA SALIDA DE TU JORNADA. SE PROCEDE A AUTO COMPLETAR LA SALIDA'),
(313, '2017-06-30', '09:34:36', '00:34:00', '00:00:00', '00:00:00', '00:00:00', '00:00:00', '00:00:00', '00:00:00', '18:00:00', '1713039418', 4, 7, 6, 'NO FIRMASTE DESDE EL INICIO DE TU BREAK EN ADELANTE. SE PROCEDE A AUTO COMPLETAR LAS HORAS'),
(314, '2017-07-03', '08:31:15', '00:01:00', '12:38:40', '12:38:50', '00:00:00', '12:39:16', '13:26:39', '00:02:00', '18:07:00', '1721334652', 1, 1, 8, NULL),
(315, '2017-07-03', '08:49:09', '00:00:00', '12:14:14', '12:14:25', '00:00:00', '13:28:07', '14:11:16', '00:00:00', '18:00:00', '1713039418', 4, 7, 6, 'NO FIRMASTE LA SALIDA DE TU JORNADA. SE PROCEDE A AUTO COMPLETAR LA SALIDA'),
(316, '2017-07-03', '09:12:00', '00:12:00', '00:00:00', '00:00:00', '00:00:00', '00:00:00', '00:00:00', '00:00:00', '18:00:00', '1726523861', 4, 7, 14, 'NO FIRMASTE DESDE EL INICIO DE TU BREAK EN ADELANTE. SE PROCEDE A AUTO COMPLETAR LAS HORAS'),
(317, '2017-07-03', '15:11:42', '06:41:00', '15:11:48', '15:11:55', '00:00:00', '15:12:00', '16:02:25', '00:05:00', '17:30:00', '1003484936', 1, 1, 8, 'NO FIRMASTE LA SALIDA DE TU JORNADA. SE PROCEDE A AUTO COMPLETAR LA SALIDA'),
(318, '2017-07-04', '07:53:44', '00:00:00', '13:00:54', '13:48:01', '00:32:00', '17:44:39', '17:45:02', '00:00:00', '17:30:00', '1003484936', 1, 1, 8, 'NO FIRMASTE LA SALIDA DE TU JORNADA. SE PROCEDE A AUTO COMPLETAR LA SALIDA'),
(319, '2017-07-04', '08:29:10', '00:00:00', '10:20:08', '10:33:08', '00:00:00', '13:00:05', '13:46:48', '00:01:00', '17:55:16', '1721334652', 1, 1, 8, NULL),
(320, '2017-07-04', '08:56:15', '00:00:00', '13:03:59', '13:04:05', '00:00:00', '13:05:02', '13:59:30', '00:00:00', '18:00:00', '1726523861', 4, 7, 14, 'NO FIRMASTE LA SALIDA DE TU JORNADA. SE PROCEDE A AUTO COMPLETAR LA SALIDA'),
(321, '2017-07-04', '09:22:13', '00:22:00', '10:11:43', '12:19:17', '01:52:00', '12:58:03', '13:41:13', '00:00:00', '18:00:00', '1713039418', 4, 7, 6, 'NO FIRMASTE LA SALIDA DE TU JORNADA. SE PROCEDE A AUTO COMPLETAR LA SALIDA'),
(322, '2017-07-05', '08:30:16', '00:00:00', '18:20:02', '18:20:05', '00:00:00', '18:20:09', '18:20:13', '00:00:00', '18:20:17', '1003484936', 1, 1, 8, NULL),
(323, '2017-07-05', '08:30:24', '00:00:00', '12:50:59', '12:51:03', '00:00:00', '12:54:11', '13:44:21', '00:05:00', '17:41:37', '1721334652', 1, 1, 8, NULL),
(324, '2017-07-05', '09:00:14', '00:00:00', '13:16:02', '13:16:06', '00:00:00', '13:16:10', '14:10:31', '00:00:00', '18:05:35', '1726523861', 4, 7, 14, NULL),
(325, '2017-07-06', '08:26:01', '00:00:00', '12:38:54', '12:38:59', '00:00:00', '12:39:04', '13:10:23', '00:00:00', '18:28:49', '1003484936', 1, 1, 8, NULL),
(326, '2017-07-06', '08:26:09', '00:00:00', '12:37:36', '12:37:40', '00:00:00', '12:38:01', '13:23:49', '00:00:00', '17:30:45', '1721334652', 1, 1, 8, NULL),
(327, '2017-07-06', '08:26:17', '00:00:00', '14:35:50', '14:35:53', '00:00:00', '14:35:59', '15:34:01', '00:00:00', '18:10:01', '1726523861', 4, 7, 14, NULL),
(328, '2017-07-07', '08:20:32', '00:00:00', '14:01:53', '14:01:57', '00:00:00', '14:02:00', '14:18:02', '00:00:00', '18:34:41', '1003484936', 1, 1, 8, NULL),
(329, '2017-07-07', '08:20:55', '00:00:00', '10:15:32', '10:29:55', '00:00:00', '12:35:00', '13:20:16', '00:00:00', '17:00:01', '1721334652', 1, 1, 8, NULL),
(330, '2017-07-07', '08:31:08', '00:00:00', '00:00:00', '00:00:00', '00:00:00', '00:00:00', '00:00:00', '00:00:00', '17:00:00', '1721009692', 3, 5, 4, 'NO FIRMASTE DESDE EL INICIO DE TU BREAK EN ADELANTE. SE PROCEDE A AUTO COMPLETAR LAS HORAS'),
(331, '2017-07-07', '08:51:30', '00:00:00', '14:01:09', '14:18:07', '00:01:00', '14:18:13', '14:18:20', '00:00:00', '17:06:46', '1713039418', 4, 7, 6, NULL),
(332, '2017-07-07', '08:56:43', '00:00:00', '14:38:23', '14:38:27', '00:00:00', '14:40:09', '15:36:18', '00:00:00', '18:00:00', '1726523861', 4, 7, 14, 'NO FIRMASTE LA SALIDA DE TU JORNADA. SE PROCEDE A AUTO COMPLETAR LA SALIDA'),
(333, '2017-07-10', '08:26:10', '00:00:00', '14:00:07', '14:00:10', '00:00:00', '14:00:15', '14:43:32', '00:00:00', '17:41:10', '1003484936', 1, 1, 8, NULL),
(334, '2017-07-10', '08:42:05', '00:12:00', '12:58:38', '12:58:41', '00:00:00', '12:58:46', '13:22:53', '00:00:00', '17:30:00', '1721334652', 1, 1, 8, 'NO FIRMASTE LA SALIDA DE TU JORNADA. SE PROCEDE A AUTO COMPLETAR LA SALIDA'),
(335, '2017-07-10', '09:05:51', '00:05:00', '13:22:48', '13:22:53', '00:00:00', '13:23:00', '13:32:59', '00:00:00', '17:39:13', '1713039418', 4, 7, 6, NULL),
(336, '2017-07-10', '09:05:29', '00:05:00', '14:11:18', '14:11:23', '00:00:00', '14:24:22', '15:20:20', '00:00:00', '18:01:20', '1726523861', 4, 7, 14, NULL),
(337, '2017-07-11', '08:30:12', '00:00:00', '12:35:03', '12:35:06', '00:00:00', '12:35:09', '13:22:19', '00:02:00', '17:32:08', '1721334652', 1, 1, 8, NULL),
(338, '2017-07-11', '09:11:23', '00:11:00', '14:05:11', '14:05:14', '00:00:00', '14:05:18', '15:08:00', '00:02:00', '18:08:47', '1726523861', 4, 7, 14, NULL),
(339, '2017-07-11', '14:03:32', '05:33:00', '14:03:38', '14:03:42', '00:00:00', '14:03:46', '14:31:49', '00:00:00', '17:30:00', '1003484936', 1, 1, 8, 'NO FIRMASTE LA SALIDA DE TU JORNADA. SE PROCEDE A AUTO COMPLETAR LA SALIDA'),
(340, '2017-07-11', '14:55:07', '05:55:00', '14:58:35', '14:58:45', '00:00:00', '15:04:30', '15:05:22', '00:00:00', '15:08:54', '1713039418', 4, 7, 6, NULL),
(341, '2017-07-12', '08:29:59', '00:00:00', '12:17:23', '12:31:22', '00:00:00', '15:45:00', '16:43:32', '00:13:00', '17:35:24', '1721334652', 1, 1, 8, NULL),
(342, '2017-07-12', '18:02:42', '09:32:00', '18:02:49', '18:02:52', '00:00:00', '18:02:56', '18:02:59', '00:00:00', '18:03:02', '1003484936', 1, 1, 8, NULL),
(343, '2017-07-13', '08:37:21', '00:07:00', '14:22:39', '14:22:39', '00:00:00', '14:22:39', '14:56:30', '00:00:00', '17:32:26', '1721334652', 1, 1, 8, NULL),
(344, '2017-07-13', '09:09:08', '00:09:00', '00:00:00', '00:00:00', '00:00:00', '00:00:00', '00:00:00', '00:00:00', '18:00:00', '1713039418', 4, 7, 6, 'NO FIRMASTE DESDE EL FIN DE TU BREAK EN ADELANTE. SE PROCEDE A AUTO COMPLETAR LAS HORAS'),
(345, '2017-07-14', '08:30:45', '00:00:00', '00:00:00', '00:00:00', '00:00:00', '00:00:00', '00:00:00', '00:00:00', '17:30:00', '1003484936', 1, 1, 8, 'NO FIRMASTE DESDE EL INICIO DE TU BREAK EN ADELANTE. SE PROCEDE A AUTO COMPLETAR LAS HORAS'),
(346, '2017-07-14', '08:30:51', '00:00:00', '12:35:45', '12:35:48', '00:00:00', '12:35:50', '13:19:12', '00:00:00', '17:31:41', '1721334652', 1, 1, 8, NULL),
(347, '2017-07-14', '11:34:04', '02:34:00', '00:00:00', '00:00:00', '00:00:00', '00:00:00', '00:00:00', '00:00:00', '18:00:00', '1713039418', 4, 7, 6, 'NO FIRMASTE DESDE EL FIN DE TU BREAK EN ADELANTE. SE PROCEDE A AUTO COMPLETAR LAS HORAS'),
(348, '2017-07-17', '08:26:20', '00:00:00', '14:20:19', '14:20:24', '00:00:00', '14:20:28', '14:52:06', '00:00:00', '18:16:20', '1003484936', 1, 1, 8, NULL),
(349, '2017-07-17', '08:26:39', '00:00:00', '10:16:41', '10:31:03', '00:00:00', '12:35:14', '13:20:10', '00:00:00', '17:31:34', '1721334652', 1, 1, 8, NULL),
(350, '2017-07-17', '08:45:46', '00:15:00', '00:00:00', '00:00:00', '00:00:00', '00:00:00', '00:00:00', '00:00:00', '13:30:00', '1721009692', 7, 15, 16, 'NO FIRMASTE DESDE EL INICIO DE TU BREAK EN ADELANTE. SE PROCEDE A AUTO COMPLETAR LAS HORAS'),
(351, '2017-07-17', '09:00:54', '00:00:00', '14:45:32', '14:45:39', '00:00:00', '15:43:10', '15:43:26', '00:00:00', '18:00:00', '1726523861', 4, 7, 14, 'NO FIRMASTE LA SALIDA DE TU JORNADA. SE PROCEDE A AUTO COMPLETAR LA SALIDA'),
(352, '2017-07-17', '09:31:13', '00:31:00', '10:53:01', '10:55:06', '00:00:00', '12:33:32', '12:57:06', '00:00:00', '13:30:21', '1713039418', 4, 7, 6, NULL),
(353, '2017-07-18', '08:31:49', '00:01:00', '17:45:13', '17:45:20', '00:00:00', '17:45:22', '17:45:26', '00:00:00', '17:45:29', '1003484936', 1, 1, 8, NULL),
(354, '2017-07-18', '08:31:59', '00:01:00', '10:39:30', '10:53:51', '00:00:00', '12:37:44', '13:23:21', '00:00:00', '17:36:01', '1721334652', 1, 1, 8, NULL),
(355, '2017-07-18', '08:44:26', '00:14:00', '00:00:00', '00:00:00', '00:00:00', '00:00:00', '00:00:00', '00:00:00', '13:30:00', '1721009692', 7, 15, 16, 'NO FIRMASTE DESDE EL INICIO DE TU BREAK EN ADELANTE. SE PROCEDE A AUTO COMPLETAR LAS HORAS'),
(356, '2017-07-18', '10:06:54', '01:06:00', '11:40:06', '13:07:09', '01:26:00', '00:00:00', '00:00:00', '00:00:00', '13:00:00', '1713039418', 8, 18, 17, 'NO FIRMASTE DESDE EL FIN DE TU ALMUERZO EN ADELANTE. SE PROCEDE A AUTO COMPLETAR LAS HORAS'),
(357, '2017-07-18', '10:11:24', '01:11:00', '00:00:00', '00:00:00', '00:00:00', '00:00:00', '00:00:00', '00:00:00', '18:00:00', '1726523861', 4, 7, 14, 'NO FIRMASTE DESDE EL INICIO DE TU BREAK EN ADELANTE. SE PROCEDE A AUTO COMPLETAR LAS HORAS'),
(358, '2017-07-19', '08:30:51', '00:00:00', '14:00:52', '14:00:57', '00:00:00', '14:01:00', '14:43:17', '00:00:00', '18:15:50', '1003484936', 1, 1, 8, NULL),
(359, '2017-07-19', '08:30:00', '00:00:00', '10:20:01', '10:35:20', '00:00:00', '12:37:45', '13:21:59', '00:00:00', '17:30:14', '1721334652', 1, 1, 8, NULL),
(360, '2017-07-19', '08:30:07', '00:00:00', '00:00:00', '00:00:00', '00:00:00', '00:00:00', '00:00:00', '00:00:00', '13:30:00', '1721009692', 7, 15, 16, 'NO FIRMASTE DESDE EL INICIO DE TU BREAK EN ADELANTE. SE PROCEDE A AUTO COMPLETAR LAS HORAS'),
(361, '2017-07-19', '08:49:23', '00:00:00', '00:00:00', '00:00:00', '00:00:00', '00:00:00', '00:00:00', '00:00:00', '18:00:00', '1726523861', 4, 7, 14, 'NO FIRMASTE DESDE EL INICIO DE TU BREAK EN ADELANTE. SE PROCEDE A AUTO COMPLETAR LAS HORAS'),
(362, '2017-07-20', '08:30:14', '00:00:00', '18:16:21', '18:16:24', '00:00:00', '18:16:27', '18:16:30', '00:00:00', '18:16:34', '1003484936', 1, 1, 8, NULL),
(363, '2017-07-20', '08:30:16', '00:00:00', '13:30:09', '13:30:11', '00:00:00', '13:30:11', '13:30:12', '00:00:00', '13:30:13', '1721009692', 7, 15, 16, NULL),
(364, '2017-07-20', '08:30:06', '00:00:00', '10:15:00', '10:29:14', '00:00:00', '12:45:06', '13:29:46', '00:00:00', '17:33:44', '1721334652', 1, 1, 8, NULL),
(365, '2017-07-20', '09:19:05', '00:19:00', '00:00:00', '00:00:00', '00:00:00', '00:00:00', '00:00:00', '00:00:00', '18:00:00', '1726523861', 4, 7, 14, 'NO FIRMASTE DESDE EL INICIO DE TU BREAK EN ADELANTE. SE PROCEDE A AUTO COMPLETAR LAS HORAS'),
(366, '2017-07-21', '08:30:27', '00:00:00', '14:00:50', '14:01:09', '00:00:00', '14:03:32', '14:41:32', '00:00:00', '17:46:51', '1003484936', 1, 1, 8, NULL),
(367, '2017-07-21', '08:30:38', '00:00:00', '10:18:15', '10:31:18', '00:00:00', '12:35:04', '13:21:03', '00:00:00', '17:32:57', '1721334652', 1, 1, 8, NULL),
(368, '2017-07-21', '08:31:39', '00:01:00', '00:00:00', '00:00:00', '00:00:00', '00:00:00', '00:00:00', '00:00:00', '13:30:00', '1721009692', 7, 15, 16, 'NO FIRMASTE DESDE EL FIN DE TU BREAK EN ADELANTE. SE PROCEDE A AUTO COMPLETAR LAS HORAS'),
(369, '2017-07-21', '09:50:31', '00:50:00', '00:00:00', '00:00:00', '00:00:00', '00:00:00', '00:00:00', '00:00:00', '18:00:00', '1726523861', 4, 7, 14, 'NO FIRMASTE DESDE EL INICIO DE TU BREAK EN ADELANTE. SE PROCEDE A AUTO COMPLETAR LAS HORAS'),
(370, '2017-07-24', '08:32:08', '00:02:00', '14:27:59', '14:28:03', '00:00:00', '14:28:07', '15:12:12', '00:00:00', '18:49:42', '1003484936', 1, 1, 8, NULL),
(371, '2017-07-24', '08:32:20', '00:02:00', '10:01:00', '10:15:23', '00:00:00', '12:35:58', '13:20:54', '00:00:00', '17:33:24', '1721334652', 1, 1, 8, NULL),
(372, '2017-07-24', '08:33:31', '00:03:00', '13:11:48', '13:30:17', '00:00:00', '13:30:20', '13:30:21', '00:00:00', '13:30:24', '1721009692', 7, 15, 16, NULL),
(373, '2017-07-24', '09:13:18', '00:13:00', '13:30:48', '13:30:50', '00:00:00', '13:30:52', '13:30:53', '00:00:00', '13:30:56', '1726523861', 4, 7, 14, NULL),
(374, '2017-07-24', '09:42:26', '00:42:00', '12:58:37', '12:58:40', '00:00:00', '14:10:58', '14:12:36', '00:01:00', '14:12:40', '1713039418', 8, 18, 17, NULL),
(375, '2017-07-25', '08:26:00', '00:00:00', '15:12:24', '15:12:28', '00:00:00', '15:12:32', '15:55:18', '00:00:00', '17:39:56', '1003484936', 1, 1, 8, NULL),
(376, '2017-07-25', '08:29:00', '00:00:00', '11:30:01', '11:44:41', '00:00:00', '12:36:01', '13:19:14', '00:00:00', '17:30:05', '1721334652', 1, 1, 8, NULL),
(377, '2017-07-25', '08:33:13', '00:03:00', '13:12:53', '13:29:37', '00:00:00', '13:29:44', '13:29:51', '00:00:00', '13:30:02', '1721009692', 7, 15, 16, NULL),
(378, '2017-07-25', '09:00:18', '00:00:00', '13:22:03', '13:22:05', '00:00:00', '13:22:06', '13:22:06', '00:00:00', '13:22:07', '1726523861', 4, 7, 14, NULL),
(379, '2017-07-25', '10:41:05', '01:41:00', '11:37:00', '11:39:21', '00:02:00', '13:06:50', '13:09:44', '00:02:00', '13:14:57', '1713039418', 8, 18, 17, NULL),
(380, '2017-07-26', '08:29:01', '00:00:00', '15:25:58', '15:26:02', '00:00:00', '15:26:06', '16:46:19', '00:35:00', '18:27:46', '1003484936', 1, 1, 8, NULL),
(381, '2017-07-26', '08:29:16', '00:00:00', '10:31:00', '10:46:03', '00:00:00', '12:37:17', '13:21:47', '00:00:00', '17:30:00', '1721334652', 1, 1, 8, 'NO FIRMASTE LA SALIDA DE TU JORNADA. SE PROCEDE A AUTO COMPLETAR LA SALIDA'),
(382, '2017-07-26', '08:29:48', '00:00:00', '13:15:13', '13:30:37', '00:00:00', '13:30:41', '13:30:44', '00:00:00', '13:30:47', '1721009692', 7, 15, 16, NULL),
(383, '2017-07-26', '08:50:41', '00:00:00', '13:21:51', '13:21:54', '00:00:00', '13:21:55', '13:21:56', '00:00:00', '13:21:57', '1726523861', 4, 7, 14, NULL),
(384, '2017-07-26', '12:55:54', '03:55:00', '14:52:43', '15:23:45', '00:31:00', '00:00:00', '00:00:00', '00:00:00', '13:00:00', '1713039418', 8, 18, 17, 'NO FIRMASTE DESDE EL INICIO DE TU ALMUERZO EN ADELANTE. SE PROCEDE A AUTO COMPLETAR LAS HORAS'),
(385, '2017-07-27', '08:31:39', '00:01:00', '00:00:00', '00:00:00', '00:00:00', '00:00:00', '00:00:00', '00:00:00', '13:30:00', '1721009692', 7, 15, 16, 'NO FIRMASTE DESDE EL INICIO DE TU BREAK EN ADELANTE. SE PROCEDE A AUTO COMPLETAR LAS HORAS'),
(386, '2017-07-27', '08:30:13', '00:00:00', '11:11:42', '11:26:49', '00:00:00', '12:35:10', '13:20:37', '00:00:00', '17:30:10', '1721334652', 1, 1, 8, NULL),
(387, '2017-07-27', '08:30:15', '00:00:00', '11:28:45', '11:44:16', '00:00:00', '14:01:59', '14:46:33', '00:00:00', '15:45:40', '1003484936', 1, 1, 8, NULL),
(388, '2017-07-27', '08:57:11', '00:00:00', '00:00:00', '00:00:00', '00:00:00', '00:00:00', '00:00:00', '00:00:00', '13:10:00', '1726523861', 4, 7, 14, NULL),
(389, '2017-07-27', '10:01:07', '01:01:00', '10:36:18', '11:44:38', '01:07:00', '13:15:56', '13:24:00', '00:08:00', '13:31:30', '1713039418', 8, 18, 17, NULL),
(390, '2017-07-28', '08:29:10', '00:00:00', '00:00:00', '00:00:00', '00:00:00', '00:00:00', '00:00:00', '00:00:00', '13:30:00', '1721009692', 7, 15, 16, 'NO FIRMASTE DESDE EL FIN DE TU BREAK EN ADELANTE. SE PROCEDE A AUTO COMPLETAR LAS HORAS'),
(391, '2017-07-28', '08:29:13', '00:00:00', '14:03:33', '14:03:38', '00:00:00', '14:03:41', '14:19:32', '00:00:00', '17:29:29', '1003484936', 1, 1, 8, NULL),
(392, '2017-07-28', '08:29:18', '00:00:00', '10:17:43', '10:33:13', '00:00:00', '12:36:02', '13:21:50', '00:00:00', '17:30:04', '1721334652', 1, 1, 8, NULL),
(393, '2017-07-28', '09:00:33', '00:00:00', '13:35:54', '13:36:01', '00:00:00', '13:36:07', '13:36:11', '00:00:00', '13:36:15', '1726523861', 4, 7, 14, NULL),
(394, '2017-07-28', '09:46:14', '00:46:00', '00:00:00', '00:00:00', '00:00:00', '00:00:00', '00:00:00', '00:00:00', '13:00:00', '1713039418', 8, 18, 17, 'NO FIRMASTE DESDE EL INICIO DE TU BREAK EN ADELANTE. SE PROCEDE A AUTO COMPLETAR LAS HORAS'),
(395, '2017-07-31', '08:22:07', '00:00:00', '17:34:03', '17:34:07', '00:00:00', '17:34:36', '17:34:40', '00:00:00', '17:34:48', '1003484936', 1, 1, 8, NULL),
(396, '2017-07-31', '08:22:26', '00:00:00', '13:41:46', '13:41:50', '00:00:00', '13:41:55', '14:14:57', '00:00:00', '17:35:11', '1721334652', 1, 1, 8, NULL),
(397, '2017-07-31', '08:22:53', '00:00:00', '00:00:00', '00:00:00', '00:00:00', '00:00:00', '00:00:00', '00:00:00', '13:30:00', '1721009692', 7, 15, 16, 'NO FIRMASTE DESDE EL FIN DE TU BREAK EN ADELANTE. SE PROCEDE A AUTO COMPLETAR LAS HORAS'),
(398, '2017-07-31', '09:06:06', '00:06:00', '12:29:24', '12:41:25', '00:12:00', '12:47:31', '12:58:18', '00:10:00', '13:01:25', '1713039418', 8, 18, 17, NULL),
(399, '2017-07-31', '09:13:06', '00:13:00', '00:00:00', '00:00:00', '00:00:00', '00:00:00', '00:00:00', '00:00:00', '18:00:00', '1726523861', 4, 7, 14, 'NO FIRMASTE DESDE EL INICIO DE TU BREAK EN ADELANTE. SE PROCEDE A AUTO COMPLETAR LAS HORAS'),
(400, '2017-08-01', '08:28:41', '00:00:00', '00:00:00', '00:00:00', '00:00:00', '00:00:00', '00:00:00', '00:00:00', '13:30:00', '1721009692', 7, 15, 16, 'NO FIRMASTE DESDE EL FIN DE TU BREAK EN ADELANTE. SE PROCEDE A AUTO COMPLETAR LAS HORAS'),
(401, '2017-08-01', '08:28:46', '00:00:00', '12:48:08', '12:48:17', '00:00:00', '12:50:24', '13:33:46', '00:00:00', '18:00:59', '1721334652', 1, 1, 8, NULL),
(402, '2017-08-01', '09:00:08', '00:00:00', '00:00:00', '00:00:00', '00:00:00', '00:00:00', '00:00:00', '00:00:00', '18:00:00', '1726523861', 4, 7, 14, 'NO FIRMASTE DESDE EL INICIO DE TU BREAK EN ADELANTE. SE PROCEDE A AUTO COMPLETAR LAS HORAS'),
(403, '2017-08-01', '10:50:18', '01:50:00', '12:23:26', '12:23:37', '00:00:00', '12:23:44', '12:23:52', '00:00:00', '12:23:59', '1713039418', 8, 18, 17, NULL),
(404, '2017-08-01', '10:53:54', '02:23:00', '14:07:04', '14:07:07', '00:00:00', '14:07:10', '14:45:49', '00:00:00', '18:03:35', '1003484936', 1, 1, 8, NULL),
(405, '2017-08-02', '08:25:33', '00:00:00', '15:01:15', '15:01:18', '00:00:00', '15:01:21', '15:01:23', '00:00:00', '15:01:26', '1003484936', 1, 1, 8, NULL),
(406, '2017-08-02', '08:29:46', '00:00:00', '12:36:52', '12:36:55', '00:00:00', '12:36:57', '12:37:01', '00:00:00', '13:19:55', '1721334652', 1, 1, 8, NULL),
(407, '2017-08-02', '08:30:19', '00:00:00', '00:00:00', '00:00:00', '00:00:00', '00:00:00', '00:00:00', '00:00:00', '13:30:00', '1721009692', 7, 15, 16, 'NO FIRMASTE DESDE EL FIN DE TU BREAK EN ADELANTE. SE PROCEDE A AUTO COMPLETAR LAS HORAS'),
(408, '2017-08-02', '08:58:58', '00:00:00', '00:00:00', '00:00:00', '00:00:00', '00:00:00', '00:00:00', '00:00:00', '18:00:00', '1726523861', 4, 7, 14, 'NO FIRMASTE DESDE EL INICIO DE TU BREAK EN ADELANTE. SE PROCEDE A AUTO COMPLETAR LAS HORAS'),
(409, '2017-08-03', '08:22:04', '00:00:00', '15:22:19', '15:22:37', '00:00:00', '15:22:41', '15:55:52', '00:00:00', '17:58:10', '1003484936', 1, 1, 8, NULL),
(410, '2017-08-03', '08:27:33', '00:00:00', '11:23:19', '11:38:56', '00:00:00', '12:35:12', '13:19:39', '00:00:00', '17:31:15', '1721334652', 1, 1, 8, NULL),
(411, '2017-08-03', '08:59:12', '00:00:00', '13:34:43', '13:34:46', '00:00:00', '13:34:49', '13:34:52', '00:00:00', '13:34:56', '1726523861', 4, 7, 14, NULL),
(412, '2017-08-03', '12:04:30', '03:04:00', '12:43:37', '13:42:14', '00:58:00', '13:45:52', '13:46:47', '00:00:00', '13:56:42', '1713039418', 8, 18, 17, NULL),
(413, '2017-08-04', '08:24:03', '00:00:00', '19:10:37', '19:10:40', '00:00:00', '19:10:43', '19:10:46', '00:00:00', '19:10:49', '1003484936', 1, 1, 8, NULL),
(414, '2017-08-04', '08:29:27', '00:00:00', '10:17:23', '10:31:44', '00:00:00', '12:35:07', '13:18:49', '00:00:00', '18:36:59', '1721334652', 1, 1, 8, NULL),
(415, '2017-08-04', '09:00:10', '00:00:00', '13:11:07', '13:11:12', '00:00:00', '13:11:15', '13:11:19', '00:00:00', '13:11:23', '1726523861', 4, 7, 14, NULL),
(416, '2017-08-07', '08:28:10', '00:00:00', '00:00:00', '00:00:00', '00:00:00', '00:00:00', '00:00:00', '00:00:00', '13:30:00', '1721009692', 7, 15, 16, 'NO FIRMASTE DESDE EL FIN DE TU BREAK EN ADELANTE. SE PROCEDE A AUTO COMPLETAR LAS HORAS'),
(417, '2017-08-07', '08:28:20', '00:00:00', '13:42:20', '13:42:24', '00:00:00', '13:42:29', '14:19:21', '00:00:00', '17:30:16', '1003484936', 1, 1, 8, NULL),
(418, '2017-08-07', '08:28:24', '00:00:00', '10:16:50', '10:30:37', '00:00:00', '12:35:01', '13:20:49', '00:00:00', '17:30:01', '1721334652', 1, 1, 8, NULL),
(419, '2017-08-07', '09:00:57', '00:00:00', '13:13:52', '13:13:56', '00:00:00', '13:13:58', '13:14:01', '00:00:00', '13:14:06', '1726523861', 4, 7, 14, NULL),
(420, '2017-08-08', '08:21:41', '00:00:00', NULL, NULL, NULL, NULL, NULL, NULL, NULL, '1003484936', 1, 1, 8, NULL),
(421, '2017-08-08', '08:33:41', '00:03:00', '10:18:57', '10:32:57', '00:00:00', NULL, NULL, NULL, NULL, '1721334652', 1, 1, 8, NULL),
(422, '2017-08-08', '08:30:12', '00:00:00', NULL, NULL, NULL, NULL, NULL, NULL, NULL, '1721009692', 7, 15, 16, NULL),
(423, '2017-08-08', '09:00:00', '00:00:00', NULL, NULL, NULL, NULL, NULL, NULL, NULL, '1726523861', 4, 7, 14, NULL);

-- --------------------------------------------------------

--
-- Estructura de tabla para la tabla pausas
--

CREATE TABLE IF NOT EXISTS pausas (

  id_pausa integer GENERATED BY DEFAULT AS IDENTITY,
  tipo_pausa varchar(254) ,
  sub_tipo_pausa varchar(254) ,
  empleado_pausa varchar(254) ,
  observacion_pausa varchar(254) ,
  fecha_pausa date ,
  hora_inicio_pausa varchar(100) ,
  hora_fin_pausa varchar(100) ,
  fecha_edicion timestamp ,
  usuario_edicion varchar(100) ,
  PRIMARY KEY (id_pausa)
);

--
-- Volcado de datos para la tabla pausas
--

INSERT INTO pausas (id_pausa, tipo_pausa, sub_tipo_pausa, empleado_pausa, observacion_pausa, fecha_pausa, hora_inicio_pausa, hora_fin_pausa, fecha_edicion, usuario_edicion) VALUES
(17, 'Visita', 'V_clientes', '1721334652', '', '2017-04-07', '09:41:38', '13:19:09', '2017-04-07 13:19:09', '1721334652'),
(18, 'Visita', 'V_clientes', '1721334652', 'PENDIENTE DE RETIRO\nDOCUMENTOS 2PM \nFRANCISCO PINZON', '2017-04-10', '10:33:09', '12:34:55', '2017-04-10 12:34:55', '1721334652'),
(19, 'Permisos', 'P_sin_descuento', '1726523861', 'PERMISO PARA IR AL MEDICO YA QUE LA COMPUTADORA FUE LLEVADA A DINERS PARA UNA CAPACITACION.', '2017-04-20', '09:00', '10:00', '2017-04-20 09:44:19', 'DAVID ESTEBAN GALARZA GARCIA'),
(20, 'Visita', 'V_clientes', '1721334652', 'AMERICA', '2017-04-21', '09:35:49', '13:37:07', '2017-04-21 13:37:07', '1721334652'),
(21, 'Permisos', 'P_con_descuento', '1757015191', 'PERMISO POR TEMA MÉDICO', '2017-04-20', '09:00', '16:00', '2017-04-21 11:06:58', 'DAVID ESTEBAN GALARZA GARCIA'),
(22, 'Reunión', 'R_interna', '1721009692', 'REUNION AGENCIA SUMUNDO', '2017-04-11', '14:00', '18:00', '2017-04-21 12:51:24', 'DAVID ESTEBAN GALARZA GARCIA'),
(23, 'Reunión', 'R_interna', '1726523861', 'REUNION AGENCIA SUMUNDO', '2017-04-11', '14:00', '18:00', '2017-04-21 12:51:24', 'DAVID ESTEBAN GALARZA GARCIA'),
(24, 'Visita', 'V_proveedores', '1003484936', 'VISITA DINERS\nENTREGA FACTURA BPAC', '2017-04-21', '13:57:46', '', '2017-04-21 13:57:46', '1003484936'),
(25, 'Reunión', 'R_interna', '1721009692', 'REUNION AGENCIA DE VIAJES SUMUNDO Y AMADEUS', '2017-04-24', '11:00', '14:00', '2017-04-24 10:37:23', 'DAVID ESTEBAN GALARZA GARCIA'),
(26, 'Reunión', 'R_interna', '1726523861', 'REUNION AGENCIA DE VIAJES SUMUNDO Y AMADEUS', '2017-04-24', '11:00', '14:00', '2017-04-24 10:37:23', 'DAVID ESTEBAN GALARZA GARCIA'),
(27, 'Permisos', 'P_con_descuento', '1722725759', 'VISITA MÉDICA DEL HIJO', '2017-04-24', '13:00', '17:00', '2017-04-24 16:31:55', 'GALO PATRICIO SUAREZ FLORES'),
(28, 'Visita', 'V_clientes', '1725753626', 'REGRESO DE VISITA DE CLIENTES DINERS', '2017-04-28', '10:04:42', '11:13:41', '2017-04-28 11:13:41', '1725753626'),
(29, 'Visita', 'V_clientes', '1721334652', 'REGRESO DE LA VISITA CLIENTE DINERS', '2017-04-28', '10:10:54', '11:48:40', '2017-04-28 11:48:40', '1721334652'),
(30, 'Visita', 'V_proveedores', '1003484936', 'INGRESOS SOLICITUDES DINERS CLUB', '2017-05-03', '11:28:36', '', '2017-05-03 11:28:36', '1003484936'),
(31, 'Visita', 'V_clientes', '1003484936', '', '2017-05-03', '13:15:07', '13:15:31', '2017-05-03 13:15:31', '1003484936'),
(32, 'Visita', 'V_clientes', '1721334652', 'REGRESA', '2017-05-04', '08:41:06', '10:27:14', '2017-05-04 10:27:14', '1721334652'),
(33, 'Visita', 'V_clientes', '1003484936', '', '2017-05-04', '08:42:07', '11:40:54', '2017-05-04 11:40:54', '1003484936'),
(34, 'Reunión', 'R_interna', '1721334652', 'VISITAR CLIENTE TANIA SARITAMA. ELOY ALFARO', '2017-05-04', '17:00', '19:00', '2017-05-04 16:46:41', 'DAVID ESTEBAN GALARZA GARCIA'),
(35, 'Visita', 'V_clientes', '1721334652', 'ALADO DEL OLIMPICO ATAHUALPA CLIENTE TANIA', '2017-05-05', '15:22:34', '', '2017-05-05 15:22:34', '1721334652'),
(36, 'Visita', 'V_clientes', '1725753626', 'REGRESO DE VISITA', '2017-05-08', '09:11:09', '11:56:09', '2017-05-08 11:56:09', '1725753626'),
(37, 'Visita', 'V_clientes', '1721334652', 'REGRESO', '2017-05-08', '10:56:40', '13:06:02', '2017-05-08 13:06:02', '1721334652'),
(38, 'Visita', 'V_clientes', '1725753626', 'REGRESO DE VISITA', '2017-05-08', '11:56:40', '', '2017-05-08 11:56:40', '1725753626'),
(39, 'Visita', 'V_clientes', '1003484936', '', '2017-05-10', '08:47:25', '08:47:41', '2017-05-10 08:47:41', '1003484936'),
(40, 'Visita', 'V_clientes', '1721334652', 'REGRESO DE VISITA', '2017-05-10', '09:49:11', '12:00:30', '2017-05-10 12:00:30', '1721334652'),
(41, 'Reunión', 'R_externa', '1721009692', 'REUNION EN ESDINAMICO', '2017-05-10', '17:00', '19:00', '2017-05-10 17:15:21', 'DAVID ESTEBAN GALARZA GARCIA'),
(42, 'Reunión', 'R_externa', '1726523861', 'REUNION EN ESDINAMICO', '2017-05-10', '17:00', '19:00', '2017-05-10 17:15:21', 'DAVID ESTEBAN GALARZA GARCIA'),
(43, 'Visita', 'V_proveedores', '1003484936', '', '2017-05-11', '09:43:23', '11:49:27', '2017-05-11 11:49:27', '1003484936'),
(44, 'Visita', 'V_proveedores', '1003484936', '', '2017-05-11', '14:49:33', '15:30:27', '2017-05-11 15:30:27', '1003484936'),
(45, 'Permisos', 'P_sin_descuento', '1725753626', 'SE INGRESA 9H10 EL DIA DE HOY. MOTIVO: APERTURA DE LAS OFICINAS', '2017-05-12', '08:00', '09:00', '2017-05-12 09:07:56', 'DAVID ESTEBAN GALARZA GARCIA'),
(46, 'Permisos', 'P_sin_descuento', '1721009692', 'SE INGRESA 9H10 EL DIA DE HOY. MOTIVO: APERTURA DE LAS OFICINAS', '2017-05-12', '08:00', '09:00', '2017-05-12 09:07:56', 'DAVID ESTEBAN GALARZA GARCIA'),
(47, 'Permisos', 'P_sin_descuento', '1722725759', 'SE INGRESA 9H10 EL DIA DE HOY. MOTIVO: APERTURA DE LAS OFICINAS', '2017-05-12', '08:00', '09:00', '2017-05-12 09:07:56', 'DAVID ESTEBAN GALARZA GARCIA'),
(48, 'Permisos', 'P_sin_descuento', '1726523861', 'SE INGRESA 9H10 EL DIA DE HOY. MOTIVO: APERTURA DE LAS OFICINAS', '2017-05-12', '08:00', '09:00', '2017-05-12 09:07:56', 'DAVID ESTEBAN GALARZA GARCIA'),
(49, 'Visita', 'V_proveedores', '1722725759', 'INGRESO DINERS', '2017-05-12', '16:04:00', '', '2017-05-12 16:04:00', '1722725759'),
(50, 'Visita', 'V_proveedores', '1003484936', '', '2017-05-12', '16:06:03', '18:12:38', '2017-05-12 18:12:38', '1003484936'),
(51, 'Permisos', 'P_sin_descuento', '1726523861', 'PERMISO MÉDICO', '2017-05-16', '09:00', '10:00', '2017-05-16 11:19:14', 'DAVID ESTEBAN GALARZA GARCIA'),
(52, 'Permisos', 'P_con_descuento', '1722725759', 'PERMISO POR CITA MÉDICA MAMA Y CITA ODONTOLÓGICA HIJO', '2017-05-15', '09:00', '17:00', '2017-05-16 11:55:53', 'DAVID ESTEBAN GALARZA GARCIA'),
(53, 'Visita', 'V_proveedores', '1003484936', '', '2017-05-16', '15:33:01', '16:37:47', '2017-05-16 16:37:47', '1003484936'),
(54, 'Reunión', 'R_externa', '1726523861', 'REUNION CON KARINA\nIEPI\nCOMMUNITY MANAGER\nSANDOVAL', '2017-05-17', '09:00', '18:00', '2017-05-17 17:31:47', 'DAVID ESTEBAN GALARZA GARCIA'),
(55, 'Visita', 'V_proveedores', '1003484936', '', '2017-05-18', '12:32:21', '13:15:52', '2017-05-18 13:15:52', '1003484936'),
(56, 'Visita', 'V_proveedores', '1003484936', 'REGRESO', '2017-05-18', '15:21:49', '17:22:53', '2017-05-18 17:22:53', '1003484936'),
(57, 'Visita', 'V_proveedores', '1003484936', 'IESS', '2017-05-19', '11:14:19', '', '2017-05-19 11:14:19', '1003484936'),
(58, 'Visita', 'V_proveedores', '1721334652', 'DEPOSITO BCO INTERNACINAL', '2017-05-22', '12:14:49', '14:40:11', '2017-05-22 14:40:11', '1721334652'),
(59, 'Visita', 'V_proveedores', '1003484936', '', '2017-05-22', '15:56:28', '17:29:09', '2017-05-22 17:29:09', '1003484936'),
(60, 'Visita', 'V_proveedores', '1003484936', 'IEES CONVENIO', '2017-05-23', '09:27:39', '', '2017-05-23 09:27:39', '1003484936'),
(61, 'Visita', 'V_proveedores', '1003484936', '', '2017-05-24', '15:41:21', '18:11:13', '2017-05-24 18:11:13', '1003484936'),
(62, 'Visita', 'V_clientes', '1003484936', '', '2017-05-24', '18:10:59', '18:11:39', '2017-05-24 18:11:39', '1003484936'),
(63, 'Permisos', 'P_sin_descuento', '1726523861', 'CRETIFICADO MEDICO POR ENFERMEDAD', '2017-05-19', '09:00', '18:00', '2017-05-25 11:21:51', 'DAVID ESTEBAN GALARZA GARCIA'),
(64, 'Permisos', 'P_sin_descuento', '1726523861', 'CRETIFICADO MEDICO POR ENFERMEDAD', '2017-05-22', '09:00', '18:00', '2017-05-25 11:22:16', 'DAVID ESTEBAN GALARZA GARCIA'),
(65, 'Permisos', 'P_sin_descuento', '1726523861', 'CRETIFICADO MEDICO POR ENFERMEDAD', '2017-05-23', '09:00', '18:00', '2017-05-25 11:22:37', 'DAVID ESTEBAN GALARZA GARCIA'),
(66, 'Visita', 'V_proveedores', '1003484936', '', '2017-05-25', '13:10:53', '14:59:40', '2017-05-25 14:59:40', '1003484936'),
(67, 'Visita', 'V_proveedores', '1003484936', 'INGRESO DINERS\nUNIVERSIDAD TEFA', '2017-05-25', '15:27:37', '', '2017-05-25 15:27:37', '1003484936'),
(68, 'Visita', 'V_proveedores', '1721334652', 'REGRESO DE U.CENTRAL RESMA', '2017-05-29', '13:46:50', '14:18:42', '2017-05-29 14:18:42', '1721334652'),
(69, 'Visita', 'V_proveedores', '1003484936', '', '2017-05-29', '15:12:38', '17:00:18', '2017-05-29 17:00:18', '1003484936'),
(70, 'Reunión', 'R_externa', '1721334652', 'VISITA CLIENTE DISCOVER EN LA MARIANA DE JESUS', '2017-05-29', '16:00', '18:00', '2017-05-29 16:38:07', 'DAVID ESTEBAN GALARZA GARCIA'),
(71, 'Visita', 'V_proveedores', '1003484936', '', '2017-05-30', '08:53:50', '10:06:14', '2017-05-30 10:06:14', '1003484936'),
(72, 'Visita', 'V_proveedores', '1003484936', 'GESTION BANCOS', '2017-05-30', '10:21:02', '14:39:14', '2017-05-30 14:39:14', '1003484936'),
(73, 'Visita', 'V_clientes', '1003484936', '', '2017-05-30', '11:40:11', '15:14:42', '2017-05-30 15:14:42', '1003484936'),
(74, 'Visita', 'V_proveedores', '1003484936', '', '2017-05-30', '15:14:17', '15:14:32', '2017-05-30 15:14:32', '1003484936'),
(75, 'Visita', 'V_proveedores', '1003484936', '', '2017-06-02', '14:01:07', '14:55:54', '2017-06-02 14:55:54', '1003484936'),
(76, 'Visita', 'V_proveedores', '1003484936', '', '2017-06-05', '09:12:48', '09:37:02', '2017-06-05 09:37:02', '1003484936'),
(77, 'Visita', 'V_proveedores', '1003484936', '', '2017-06-06', '15:17:34', '17:02:32', '2017-06-06 17:02:32', '1003484936'),
(78, 'Visita', 'V_proveedores', '1003484936', 'TRAMITES KARY', '2017-06-07', '09:06:43', '', '2017-06-07 09:06:43', '1003484936'),
(79, 'Reunión', 'R_externa', '1721334652', 'VISITA DINERS', '2017-06-07', '15:00', '17:00', '2017-06-07 17:14:31', 'DAVID ESTEBAN GALARZA GARCIA'),
(80, 'Reunión', 'R_externa', '1721334652', 'VISITA DINERS', '2017-06-09', '08:00', '13:00', '2017-06-09 12:11:45', 'DAVID ESTEBAN GALARZA GARCIA'),
(81, 'Visita', 'V_proveedores', '1003484936', '', '2017-06-12', '14:49:08', '17:30:26', '2017-06-12 17:30:26', '1003484936'),
(82, 'Permisos', 'P_con_descuento', '1726523861', 'AUSENCIA POR ENFERMEDAD', '2017-06-13', '10:00', '18:00', '2017-06-14 12:01:04', 'DAVID ESTEBAN GALARZA GARCIA'),
(83, 'Visita', 'V_proveedores', '1003484936', '', '2017-06-14', '12:57:02', '15:31:32', '2017-06-14 15:31:32', '1003484936'),
(84, 'Visita', 'V_proveedores', '1003484936', '', '2017-06-14', '15:31:53', '17:43:10', '2017-06-14 17:43:10', '1003484936'),
(85, 'Visita', 'V_proveedores', '1003484936', 'REUNION CLARO', '2017-06-15', '10:55:52', '', '2017-06-15 10:55:52', '1003484936'),
(86, 'Reunión', 'R_externa', '1721334652', 'VISITA DINERS', '2017-06-16', '16:00', '18:00', '2017-06-16 16:00:25', 'DAVID ESTEBAN GALARZA GARCIA'),
(87, 'Permisos', 'P_con_descuento', '1721334652', 'PERMISO MÉDICO', '2017-06-16', '08:00', '10:00', '2017-06-19 09:36:43', 'DAVID ESTEBAN GALARZA GARCIA'),
(88, 'Reunión', 'R_externa', '1721334652', 'VISITA CLIENTE DINERS', '2017-06-21', '16:00', '18:00', '2017-06-21 15:48:08', 'DAVID ESTEBAN GALARZA GARCIA'),
(89, 'Visita', 'V_clientes', '1003484936', 'VISITS DINERS', '2017-07-06', '09:43:50', '13:22:44', '2017-07-06 13:22:44', '1003484936'),
(90, 'Visita', 'V_clientes', '1003484936', '', '2017-07-06', '13:23:13', '18:28:38', '2017-07-06 18:28:38', '1003484936'),
(91, 'Visita', 'V_clientes', '1003484936', '', '2017-07-07', '09:22:26', '11:26:56', '2017-07-07 11:26:56', '1003484936'),
(92, 'Visita', 'V_proveedores', '1721334652', '', '2017-07-07', '14:00:37', '14:59:47', '2017-07-07 14:59:47', '1721334652'),
(93, 'Visita', 'V_proveedores', '1003484936', 'DHL', '2017-07-10', '10:51:19', '13:11:25', '2017-07-10 13:11:25', '1003484936'),
(94, 'Reunión', 'R_externa', '1721334652', 'VISITA CLIENTES DINERS', '2017-07-10', '10:00', '13:00', '2017-07-10 12:56:08', 'DAVID ESTEBAN GALARZA GARCIA'),
(95, 'Visita', 'V_clientes', '1721334652', 'VISITA DINERS', '2017-07-10', '13:21:49', '', '2017-07-10 13:21:49', '1721334652'),
(96, 'Reunión', 'R_externa', '1003484936', 'ATRAS  DE LA COCACOLA DEL SUR A PARTIR DE LAS 9', '2017-07-11', '08:00', '10:00', '2017-07-11 09:32:02', 'DAVID ESTEBAN GALARZA GARCIA'),
(97, 'Reunión', 'R_externa', '1003484936', 'AV OCCIDENTAL Y MARIANA DE JESUS FRENTE AL HOSPITAL METROPOLITANO FRENTE A LA MORGE, HOSPITAL DE LA POLICIA', '2017-07-11', '10:00', '14:00', '2017-07-11 09:32:37', 'DAVID ESTEBAN GALARZA GARCIA'),
(98, 'Visita', 'V_clientes', '1003484936', '', '2017-07-11', '12:04:25', '12:04:36', '2017-07-11 12:04:36', '1003484936'),
(99, 'Visita', 'V_clientes', '1721334652', 'VISITA DINERS CLINICA SANTA LUCIA DESPUES A CCJARDIN 4 PM', '2017-07-11', '14:42:37', '', '2017-07-11 14:42:37', '1721334652'),
(100, 'Visita', 'V_proveedores', '1003484936', 'PRESTAMO BLUECC', '2017-07-11', '15:08:21', '', '2017-07-11 15:08:21', '1003484936'),
(101, 'Visita', 'V_proveedores', '1003484936', 'DINERS', '2017-07-12', '15:29:35', '16:55:39', '2017-07-12 16:55:39', '1003484936'),
(102, 'Visita', 'V_clientes', '1721334652', 'REGRESO VISITA NCLIENTE ECOPARK, HOSP.POLICIA. SELVA ALEGRE', '2017-07-13', '08:50:06', '14:22:31', '2017-07-13 14:22:31', '1721334652'),
(103, 'Permisos', 'P_sin_descuento', '1726523861', 'PERMISO MEDICO', '2017-07-12', '09:00', '18:00', '2017-07-17 10:13:25', 'DAVID ESTEBAN GALARZA GARCIA'),
(104, 'Permisos', 'P_sin_descuento', '1726523861', 'PERMISO MEDICO', '2017-07-13', '09:00', '18:00', '2017-07-17 10:13:46', 'DAVID ESTEBAN GALARZA GARCIA'),
(105, 'Permisos', 'P_con_descuento', '1726523861', 'REPOSO MEDICO', '2017-07-14', '09:00', '18:00', '2017-07-17 10:14:08', 'DAVID ESTEBAN GALARZA GARCIA'),
(106, 'Visita', 'V_proveedores', '1003484936', '', '2017-07-17', '10:15:27', '11:37:47', '2017-07-17 11:37:47', '1003484936'),
(107, 'Visita', 'V_proveedores', '1003484936', '', '2017-07-18', '09:16:19', '09:59:04', '2017-07-18 09:59:04', '1003484936'),
(108, 'Permisos', 'P_con_descuento', '1726523861', 'FIRMA DE INGRESO ATRASADO. HORA DE INGRESO 9H05', '2017-07-18', '09:00', '10:00', '2017-07-18 10:25:58', 'DAVID ESTEBAN GALARZA GARCIA'),
(109, 'Visita', 'V_proveedores', '1721334652', 'CORREOS DEL ECUADOR', '2017-07-18', '15:04:28', '', '2017-07-18 15:04:28', '1721334652'),
(110, 'Visita', 'V_proveedores', '1003484936', 'INGRESO DINERS', '2017-07-18', '16:20:16', '', '2017-07-18 16:20:16', '1003484936'),
(111, 'Visita', 'V_clientes', '1721334652', 'REGRESO CORREOS DEL ECUADOR', '2017-07-18', '16:27:27', '', '2017-07-18 16:27:27', '1721334652'),
(112, 'Visita', 'V_clientes', '1721334652', 'REGRESO DE VISITA', '2017-07-20', '13:39:49', '15:12:45', '2017-07-20 15:12:45', '1721334652'),
(113, 'Permisos', 'P_sin_descuento', '1726523861', 'PERMISO MÉDICO. HOY TIMBRO A LAS 09H50', '2017-07-21', '09:00', '10:00', '2017-07-21 12:00:19', 'DAVID ESTEBAN GALARZA GARCIA'),
(114, 'Visita', 'V_proveedores', '1003484936', '', '2017-07-21', '12:43:45', '13:53:29', '2017-07-21 13:53:29', '1003484936'),
(115, 'Visita', 'V_proveedores', '1003484936', '', '2017-07-24', '13:01:35', '14:27:49', '2017-07-24 14:27:49', '1003484936'),
(116, 'Visita', 'V_proveedores', '1721334652', 'REGRESO DE VISITA', '2017-07-26', '11:12:12', '12:37:11', '2017-07-26 12:37:11', '1721334652'),
(117, 'Visita', 'V_clientes', '1721334652', 'EDIFICIO LA PREVISORA', '2017-07-26', '13:39:19', '', '2017-07-26 13:39:19', '1721334652'),
(118, 'Visita', 'V_clientes', '1003484936', 'VISITA DINERS', '2017-07-27', '15:46:06', '', '2017-07-27 15:46:06', '1003484936'),
(119, 'Visita', 'V_proveedores', '1003484936', 'DINERS', '2017-07-27', '17:28:11', '', '2017-07-27 17:28:11', '1003484936'),
(120, 'Visita', 'V_proveedores', '1003484936', '', '2017-07-28', '12:23:06', '13:35:44', '2017-07-28 13:35:44', '1003484936'),
(121, 'Visita', 'V_clientes', '1721334652', 'REGRESO', '2017-07-31', '10:08:44', '13:41:38', '2017-07-31 13:41:38', '1721334652'),
(122, 'Reunión', 'R_externa', '1003484936', 'REUNIÓN DINERS', '2017-08-01', '08:00', '11:00', '2017-08-01 10:54:41', 'DAVID ESTEBAN GALARZA GARCIA'),
(123, 'Visita', 'V_proveedores', '1003484936', '', '2017-08-04', '12:28:25', '19:10:28', '2017-08-04 19:10:28', '1003484936'),
(124, 'Visita', 'V_proveedores', '1003484936', '', '2017-08-07', '14:26:09', '15:29:23', '2017-08-07 15:29:23', '1003484936'),
(125, 'Visita', 'V_clientes', '1721334652', 'REGRESO HOS.METROPOLITANO', '2017-08-07', '14:33:53', '16:33:18', '2017-08-07 16:33:18', '1721334652');

-- --------------------------------------------------------

--
-- Estructura de tabla para la tabla turno
--

CREATE TABLE IF NOT EXISTS turno (

  ID_T integer GENERATED BY DEFAULT AS IDENTITY,
  HORA_INICIO_T time NOT NULL,
  HORA_FIN_T time NOT NULL,
  TOTAL_T time NOT NULL,
  NOMBRE_T char(40) NOT NULL,
  DESCRIPCION_T char(40) NOT NULL,
  TIPO_T char(40) NOT NULL,
  PRIMARY KEY (ID_T)
);

--
-- Volcado de datos para la tabla turno
--

INSERT INTO turno (ID_T, HORA_INICIO_T, HORA_FIN_T, TOTAL_T, NOMBRE_T, DESCRIPCION_T, TIPO_T) VALUES
(1, '08:30:00', '17:30:00', '09:00:00', 'TURNO COMPLETO', 'TURNO QUE ABRE LAS OFICINAS', 'NORMAL'),
(2, '09:00:00', '18:00:00', '09:00:00', 'SEGUNDO TURNO', '2DO TURNO', 'NORMAL'),
(3, '10:00:00', '17:00:00', '08:00:00', 'SEGUNDO TURNO', 'SEGU', 'NORMAL'),
(4, '09:00:00', '18:00:00', '09:00:00', 'TURNO DINERS', 'TURNO DINERS 2', 'NORMAL'),
(5, '14:30:00', '18:00:00', '03:30:00', 'TURNO DE LA TARDE', 'TURNO DE LA TARDE', 'NORMAL'),
(6, '09:00:00', '17:00:00', '08:00:00', 'TURNO DINERS', 'APOYO DINERS', 'NORMAL'),
(7, '08:30:00', '13:30:00', '05:00:00', 'MEDIO TURNO', 'TURNO DE 5 HORAS SIN BREAK NI ALMUERZO', 'NORMAL'),
(8, '09:00:00', '13:00:00', '04:00:00', 'MEDIO TIEMPO', 'NUEVO HORARIO ADMINISTRATIVO', 'NORMAL');

--
-- Restricciones para tablas volcadas
--

--
-- Filtros para la tabla break
--
ALTER TABLE break ADD CONSTRAINT fk_relationship_1 FOREIGN KEY (id_t) REFERENCES turno (id_t);

--
-- Filtros para la tabla empleado
--
ALTER TABLE empleado
  ADD CONSTRAINT FK_RELATIONSHIP_2 FOREIGN KEY (ID_A) REFERENCES area (ID_A),
  ADD CONSTRAINT FK_RELATIONSHIP_3 FOREIGN KEY (ID_T) REFERENCES turno (ID_T);

CREATE INDEX IF NOT EXISTS fk_relationship_1 ON break (id_t);
CREATE INDEX IF NOT EXISTS fk_relationship_2 ON empleado (id_a);
CREATE INDEX IF NOT EXISTS fk_relationship_3 ON empleado (id_t);
CREATE INDEX IF NOT EXISTS id_b ON empleado (id_b);
CREATE INDEX IF NOT EXISTS id_ba ON empleado (id_ba);

COMMIT;
